Intento,Score,std_dev,Reward_Dist,Reward_Ctrl,Reward_Near_Object,Reward_Contact,Episode_Length,TD_Error,Actor_Loss,Critic_Loss,Policy_Gradients
475,-43.41310856370654,0.2,-0.3062635246249384,-0.060880073204636564,-0.06698748780749049,0.0,100,0.0,0.0,0.0,0.0
475,-37.40949920032668,0.2,-0.2624477533873581,-0.04193723721057177,-0.06971000140533705,0.0,100,0.0,0.0,0.0,0.0
475,-34.72571875879422,0.2,-0.23455488931795032,-0.03694824279099703,-0.07575405547899483,0.0,100,0.0,0.0,0.0,0.0
475,-35.63237967424796,0.2,-0.24129149032822128,-0.03954135884717107,-0.07549094756708728,0.0,100,0.0,0.0,0.0,0.0
475,-40.45676240943173,0.2,-0.31644853911717014,-0.04834349643811584,-0.0397755885390314,0.0,100,0.0,0.0,0.0,0.0
500,-30.94561006514363,0.2,-0.1997676503513683,-0.05000179323181511,-0.059686657068252984,0.0,100,0.0,0.0,0.0,4.176538896560669
500,-32.35133605322081,0.2,-0.21185789555659038,-0.04173917143046856,-0.06991629354514932,0.0,100,0.0,0.0,0.0,4.176538896560669
500,-39.285831445550336,0.2,-0.28693688830157443,-0.053642667621374145,-0.05227875853255478,0.0,100,0.0,0.0,0.0,4.176538896560669
500,-26.802866657460807,0.2,-0.1783231971296953,-0.04767132955789565,-0.0420341398870172,0.0,100,0.0,0.0,0.0,4.176538896560669
500,-42.372269224604985,0.2,-0.3265191830883611,-0.039686264384537935,-0.05751724477315073,0.0,100,0.0,0.0,0.0,4.176538896560669
525,-30.46100640308832,0.2,-0.17951687911745662,-0.05996437977254392,-0.06512880514088269,0.0,100,0.0,0.0,0.0,4.176538896560669
525,-29.535795707477636,0.2,-0.19654446575179524,-0.052542027413845054,-0.046271463909136036,0.0,100,0.0,0.0,0.0,4.199727029800415
525,-29.78220561452017,0.2,-0.19501639147860797,-0.053729342162609106,-0.04907632250398456,0.0,100,0.0,0.0,0.0,4.225609440803527
525,-32.33557650032156,0.2,-0.2406179262933131,-0.04903560781106354,-0.03370223089883897,0.0,100,0.0,0.0,0.0,4.225623664855957
525,-30.27961249479892,0.2,-0.19830683072571734,-0.04265875114500523,-0.061830543077266584,0.0,100,0.0,0.0,0.0,4.225623664855957
550,-35.31531368818144,0.2,-0.25721094544560646,-0.05197723844647408,-0.04396495298973388,0.0,100,0.0,0.0,0.0,4.205595202445984
550,-38.9163554360943,0.2,-0.2889272565210171,-0.042631448827683924,-0.05760484901224216,0.0,100,0.0,0.0,0.0,4.205595202445984
550,-36.58435596839859,0.2,-0.24703103811245153,-0.05380279728770256,-0.06500972428383173,0.0,100,0.0,0.0,0.0,4.205595202445984
550,-43.89110422121751,0.2,-0.32225278092772297,-0.04971912594884635,-0.06693913533560558,0.0,100,0.0,0.0,0.0,4.205595202445984
550,-32.07282796178088,0.2,-0.22591522379813303,-0.05088792859762908,-0.043925127222046625,0.0,100,0.0,0.0,0.0,4.205595202445984
575,-47.05346599189603,0.2,-0.3079988212244231,-0.07156349446624516,-0.09097234422829192,0.0,100,0.0,0.0,0.0,4.303902740478516
575,-37.017057435101336,0.2,-0.20071988292363713,-0.07394054619967937,-0.09551014522769684,0.0,100,0.0,0.0,0.0,4.314124040603637
575,-41.57907615308782,0.2,-0.2910598144939085,-0.065586027354002,-0.05914491968296778,0.0,100,0.0,0.0,0.0,4.314262132644654
575,-38.49740319302551,0.2,-0.20574129553611853,-0.08119156150519849,-0.09804117488893828,0.0,100,0.0,0.0,0.0,4.318868961334228
575,-41.88679580011718,0.2,-0.18474913768264123,-0.12313940235972404,-0.11097941795880634,0.0,100,0.0,0.0,0.0,4.344134569168091
600,-44.31592985124871,0.2,-0.3153950119077922,-0.07079389700293542,-0.05697038960175992,0.0,100,0.0,0.0,0.0,4.455348687171936
600,-45.11008040434388,0.2,-0.25689611567660736,-0.08886750796437265,-0.1053371804024588,0.0,100,0.0,0.0,0.0,4.456358509063721
600,-34.74960899596287,0.2,-0.18084627633958614,-0.08714711996167901,-0.07950269365836364,0.0,100,0.0,0.0,0.0,4.456358613967896
600,-34.85373653786967,0.2,-0.17809334394838205,-0.092864299595356,-0.07757972183495876,0.0,100,0.0,0.0,0.0,4.456358613967896
600,-42.6380256955198,0.2,-0.2577749604604672,-0.08420300845801831,-0.08440228803671204,0.0,100,0.0,0.0,0.0,4.456358613967896
625,-45.08409390257712,0.2,-0.3067545849786901,-0.06711598318815232,-0.07697037085892876,0.0,100,0.0,0.0,0.0,4.438722124099732
625,-34.954980450857946,0.2,-0.20033438295327755,-0.06377239409089089,-0.0854430274644109,0.0,100,0.0,0.0,0.0,4.438722124099732
625,-36.620328161967954,0.2,-0.184761424994862,-0.10141653822362423,-0.08002531840119331,0.0,100,0.0,0.0,0.0,4.438722124099732
625,-38.018763158342274,0.2,-0.1966694821648392,-0.08400883482396602,-0.09950931459461755,0.0,100,0.0,0.0,0.0,4.438722124099732
625,-35.94206922596464,0.2,-0.1890445432616582,-0.07880974886566401,-0.09156640013232417,0.0,100,0.0,0.0,0.0,4.438722124099732
650,-36.428011014207875,0.2,-0.2035843964007834,-0.07154873967170715,-0.08914697406958826,0.0,100,0.0,0.0,0.0,4.438722124099732
650,-38.57525127970653,0.2,-0.24538373207043107,-0.06099709907919169,-0.07937168164744235,0.0,100,0.0,0.0,0.0,4.438722124099732
650,-36.38264519755389,0.2,-0.21630038149555886,-0.0709445924833417,-0.07658147799663827,0.0,100,0.0,0.0,0.0,4.438722124099732
650,-43.45916165869622,0.2,-0.2673329702189295,-0.09399253010749815,-0.07326611626053475,0.0,100,0.0,0.0,0.0,4.438722124099732
650,-36.3799701874319,0.2,-0.22922216124543918,-0.06417623390257358,-0.07040130672630603,0.0,100,0.0,0.0,0.0,4.438722124099732
675,-41.836905530581554,0.2,-0.29321126629958,-0.0570222636088729,-0.0681355253973627,0.0,100,0.0,0.0,0.0,4.417442831993103
675,-34.4177105207258,0.2,-0.20414400318898387,-0.05571682019531726,-0.08431628182295685,0.0,100,0.0,0.0,0.0,4.416842737197876
675,-45.044188170853076,0.2,-0.28988005620458335,-0.08918267798423767,-0.07137914751970974,0.0,100,0.0,0.0,0.0,4.416842679977417
675,-35.1384876111365,0.2,-0.19933634254349294,-0.06582218810915946,-0.08622634545871255,0.0,100,0.0,0.0,0.0,4.416842679977417
675,-43.82673918142998,0.2,-0.2716871273463611,-0.08149763160943985,-0.08508263285849874,0.0,100,0.0,0.0,0.0,4.416842679977417
700,-43.79578118055193,0.2,-0.3011527190395116,-0.0646601876989007,-0.07214490506710657,0.0,100,0.0,0.0,0.0,4.416842679977417
700,-37.897101904963485,0.2,-0.23493872136967742,-0.06285556462407112,-0.08117673305588614,0.0,100,0.0,0.0,0.0,4.416842679977417
700,-35.889291716526785,0.2,-0.20088230456405878,-0.06876006058603527,-0.0892505520151739,0.0,100,0.0,0.0,0.0,4.416842679977417
700,-38.9945915339866,0.2,-0.21131217365720445,-0.08381196348369119,-0.09482177819897031,0.0,100,0.0,0.0,0.0,4.416842679977417
700,-36.92293340575627,0.2,-0.2342566797209386,-0.05591516174376012,-0.07905749259286404,0.0,100,0.0,0.0,0.0,4.416842679977417
725,-50.232878805766475,0.2,-0.3188210797497552,-0.10390371939539907,-0.07960398891251053,0.0,100,0.0,0.0,0.0,4.446122488975525
725,-41.795607499619834,0.2,-0.20979533207245363,-0.10327487027645113,-0.10488587264729363,0.0,100,0.0,0.0,0.0,4.447298140525818
725,-47.65063569772918,0.2,-0.28006253749826626,-0.11474110264331103,-0.08170271683571448,0.0,100,0.0,0.0,0.0,4.447298197746277
725,-35.43060224772074,0.2,-0.20139280282716984,-0.0838720269650221,-0.06904119268501545,0.0,100,0.0,0.0,0.0,4.447298197746277
725,-45.2565241654059,0.2,-0.2965047335974592,-0.079930949062109,-0.07612955899449071,0.0,100,0.0,0.0,0.0,4.447298197746277
750,-41.9180496995665,0.2,-0.3044228150634912,-0.04885720710456372,-0.0659004748276101,0.0,100,0.0,0.0,0.0,4.394194707870484
750,-34.968112624548645,0.2,-0.2104688105344146,-0.05591943235322833,-0.08329288335784353,0.0,100,0.0,0.0,0.0,4.394194707870484
750,-30.64187049185349,0.2,-0.20426101726154092,-0.05068511529266835,-0.05147257236432564,0.0,100,0.0,0.0,0.0,4.394194707870484
750,-44.147207374114124,0.2,-0.3098969129561594,-0.08418517500162125,-0.04738998578336058,0.0,100,0.0,0.0,0.0,4.394194707870484
750,-30.59543883742693,0.2,-0.17995653886683846,-0.05202274361997843,-0.07397510588745244,0.0,100,0.0,0.0,0.0,4.394194707870484
775,-35.04204250681685,0.2,-0.2068272046348297,-0.06311544071882964,-0.08047777971450915,0.0,100,0.0,0.0,0.0,4.4117027950286865
775,-41.879246076437155,0.2,-0.2990173073240565,-0.0539451424740255,-0.06583001096628968,0.0,100,0.0,0.0,0.0,4.4117027950286865
775,-38.227316427978415,0.2,-0.21379679581603828,-0.05724894109368325,-0.11122742737006255,0.0,100,0.0,0.0,0.0,4.4117027950286865
775,-40.83953880677236,0.2,-0.27087653049558236,-0.06132938271760941,-0.0761894748545317,0.0,100,0.0,0.0,0.0,4.4117027950286865
775,-35.96504273426015,0.2,-0.19397280807457537,-0.06086803541332484,-0.10480958385470128,0.0,100,0.0,0.0,0.0,4.4117027950286865
800,-35.09561209823013,0.2,-0.1952034600696183,-0.08506818901002408,-0.07068447190265885,0.0,100,0.0,0.0,0.0,4.451466093063354
800,-35.34849960196167,0.2,-0.19768568691445806,-0.08182329683005811,-0.07397601227510035,0.0,100,0.0,0.0,0.0,4.451466093063354
800,-39.919874355408695,0.2,-0.23428851101987874,-0.08261692729592324,-0.0822933052382851,0.0,100,0.0,0.0,0.0,4.451466093063354
800,-44.774380506763336,0.2,-0.2855878148383796,-0.09133025270700454,-0.07082573752224912,0.0,100,0.0,0.0,0.0,4.451466093063354
800,-40.45847651811051,0.2,-0.24163482856117735,-0.07400247281789779,-0.08894746380202997,0.0,100,0.0,0.0,0.0,4.451466093063354
825,-34.94203091858708,0.2,-0.20067852921916565,-0.08632005521655083,-0.06242172475015427,0.0,100,0.0,0.0,0.0,4.451415190696716
825,-46.569060150069234,0.2,-0.32290147407287956,-0.07451453444361687,-0.0682745929841958,0.0,100,0.0,0.0,0.0,4.450708870887756
825,-42.89779282296995,0.2,-0.25048334476398704,-0.08386273436620834,-0.0946318490995041,0.0,100,0.0,0.0,0.0,4.450695676803589
825,-40.56333776525638,0.2,-0.2249465603458195,-0.09357189098000529,-0.08711492632673906,0.0,100,0.0,0.0,0.0,4.450695676803589
825,-45.83518028565928,0.2,-0.29623957578548016,-0.08501303666085006,-0.07709919041026264,0.0,100,0.0,0.0,0.0,4.450695676803589
850,-43.565796412106025,0.2,-0.28979897714620506,-0.07514614403247834,-0.07071284294237673,0.0,100,0.0,0.0,0.0,4.450695676803589
850,-40.1484455485242,0.2,-0.2571636243673013,-0.07572455093264581,-0.06859628018529511,0.0,100,0.0,0.0,0.0,4.450695676803589
850,-42.47134103580409,0.2,-0.28310821758418725,-0.06374381705373526,-0.07786137572011852,0.0,100,0.0,0.0,0.0,4.450695676803589
850,-40.50781970904394,0.2,-0.24730475382730574,-0.07157595872879029,-0.0861974845343435,0.0,100,0.0,0.0,0.0,4.450695676803589
850,-44.40688910635345,0.2,-0.26864350771292866,-0.08610549835860731,-0.08931988499199871,0.0,100,0.0,0.0,0.0,4.450695676803589
875,-42.886782094179985,0.2,-0.27668252770626,-0.07768533977866172,-0.074499953456878,0.0,100,0.0,0.0,0.0,4.450695676803589
875,-43.983124016691484,0.2,-0.2787565015820191,-0.08802974405884743,-0.07304499452604866,0.0,100,0.0,0.0,0.0,4.450695676803589
875,-45.61980327254247,0.2,-0.3125059906105586,-0.0758971394598484,-0.06779490265501766,0.0,100,0.0,0.0,0.0,4.450695676803589
875,-35.40699295184175,0.2,-0.20051858935532568,-0.08367406493425372,-0.06987727522883803,0.0,100,0.0,0.0,0.0,4.450695676803589
875,-37.36153559845908,0.2,-0.22835060086018913,-0.08672795706242323,-0.05853679806197829,0.0,100,0.0,0.0,0.0,4.450695676803589
900,-37.028022241851346,0.2,-0.1924118491885827,-0.10059547157585622,-0.07727290165407469,0.0,100,0.0,0.0,0.0,4.450695676803589
900,-39.104079772452664,0.2,-0.23061587781526474,-0.08790339565277097,-0.0725215242564908,0.0,100,0.0,0.0,0.0,4.450695676803589
900,-34.025397839748734,0.2,-0.18283194150579743,-0.08250986644625664,-0.07491217044543319,0.0,100,0.0,0.0,0.0,4.450695676803589
900,-36.04629435816914,0.2,-0.21859869780834504,-0.07812452659010888,-0.06373971918323763,0.0,100,0.0,0.0,0.0,4.450695676803589
900,-38.8005233613928,0.2,-0.2274179408725652,-0.08243863847851753,-0.07814865426284534,0.0,100,0.0,0.0,0.0,4.450695676803589
925,-43.151964513316244,0.2,-0.2857539861384594,-0.07940028329193592,-0.06636537570276702,0.0,100,0.0,0.0,0.0,4.450695676803589
925,-49.0009940868034,0.2,-0.33897350075185906,-0.07507266834750771,-0.07596377176866762,0.0,100,0.0,0.0,0.0,4.450695676803589
925,-39.89839649974463,0.2,-0.24609183447364333,-0.06479535640031099,-0.08809677412349179,0.0,100,0.0,0.0,0.0,4.450695676803589
925,-40.9915042970729,0.2,-0.2449030190616264,-0.07688673388957977,-0.08812529001952289,0.0,100,0.0,0.0,0.0,4.450695676803589
925,-39.02673126892926,0.2,-0.23338815132530752,-0.08823305147141218,-0.06864610989257289,0.0,100,0.0,0.0,0.0,4.450695676803589
950,-35.8909574464555,0.2,-0.1787080497563884,-0.07648908255994319,-0.10371244214822335,0.0,100,0.0,0.0,0.0,4.450695676803589
950,-43.1583688763267,0.2,-0.2753501264577952,-0.08213819304853677,-0.07409536925693494,0.0,100,0.0,0.0,0.0,4.450695676803589
950,-35.86144986604367,0.2,-0.1999341471625059,-0.07594197671115399,-0.08273837478677656,0.0,100,0.0,0.0,0.0,4.450695676803589
950,-34.27550600230243,0.2,-0.1949610098360226,-0.06491604623198509,-0.08287800395501645,0.0,100,0.0,0.0,0.0,4.450695676803589
950,-31.597446588286658,0.2,-0.18479949270808152,-0.053662782821804283,-0.07751219035298078,0.0,100,0.0,0.0,0.0,4.450695676803589
975,-48.62970880726612,0.2,-0.32201378467523234,-0.08645870983600616,-0.07782459356142261,0.0,100,0.0,0.0,0.0,4.450695676803589
975,-44.98364919844056,0.2,-0.28283695502964823,-0.08367347407341004,-0.08332606288134746,0.0,100,0.0,0.0,0.0,4.450695676803589
975,-39.97749092849161,0.2,-0.25008447300357783,-0.0926288783848286,-0.05706155789650977,0.0,100,0.0,0.0,0.0,4.450695676803589
975,-45.76436534793952,0.2,-0.3155584026742256,-0.07087365087866783,-0.07121159992650185,0.0,100,0.0,0.0,0.0,4.450695676803589
975,-50.56752971524632,0.2,-0.34825136741572765,-0.08171806964278222,-0.07570586009395339,0.0,100,0.0,0.0,0.0,4.450695676803589
1000,-40.75059400448696,0.2,-0.22170412981630566,-0.10100252360105515,-0.0847992866275087,0.0,100,0.0,0.0,0.0,4.450695676803589
1000,-48.20627824998203,0.2,-0.30654003806107416,-0.08464002531766891,-0.09088271912107737,0.0,100,0.0,0.0,0.0,4.450695676803589
1000,-43.60319252822879,0.2,-0.2468809300070184,-0.11181065726280211,-0.0773403380124675,0.0,100,0.0,0.0,0.0,4.450695676803589
1000,-39.855782213767306,0.2,-0.23745810264774034,-0.07565097769349814,-0.08544874179643445,0.0,100,0.0,0.0,0.0,4.450695676803589
1000,-37.27143048437857,0.2,-0.21016409250949736,-0.07884003910608589,-0.08371017322820253,0.0,100,0.0,0.0,0.0,4.450695676803589
1025,-38.11553562940387,0.2,-0.22710021350000797,-0.07738918352127074,-0.07666595927275982,0.0,100,0.0,0.0,0.0,4.450695676803589
1025,-37.0845426808375,0.2,-0.2158955655050476,-0.07561414986848831,-0.07933571143483902,0.0,100,0.0,0.0,0.0,4.450695676803589
1025,-41.76269908300446,0.2,-0.24331782866409082,-0.0782858525812626,-0.096023309584691,0.0,100,0.0,0.0,0.0,4.450695676803589
1025,-44.18207519802616,0.2,-0.2886996885063643,-0.07096806490421297,-0.08215299856968439,0.0,100,0.0,0.0,0.0,4.450695676803589
1025,-39.58660071975177,0.2,-0.2496165034798664,-0.07623187488317491,-0.07001762883447653,0.0,100,0.0,0.0,0.0,4.450695676803589
1050,-44.55524018629739,0.2,-0.3057848369645216,-0.07803464981913569,-0.06173291507931709,0.0,100,0.0,0.0,0.0,4.450695676803589
1050,-38.97925310814174,0.2,-0.2230253339094645,-0.08877681855857372,-0.07799037861337943,0.0,100,0.0,0.0,0.0,4.450695676803589
1050,-37.122241322911954,0.2,-0.22691029449485398,-0.06615945313870907,-0.07815266559555649,0.0,100,0.0,0.0,0.0,4.450695676803589
1050,-38.22533514031635,0.2,-0.20683391886500757,-0.09465097910165789,-0.08076845343649819,0.0,100,0.0,0.0,0.0,4.450695676803589
1050,-41.58697873423749,0.2,-0.26874586092474084,-0.08125135271251203,-0.06587257370512205,0.0,100,0.0,0.0,0.0,4.450695676803589
1075,-36.4720468691898,0.2,-0.21770235897328036,-0.07562728057801724,-0.07139082914060038,0.0,100,0.0,0.0,0.0,4.450695676803589
1075,-44.679788776201015,0.2,-0.30950406728618374,-0.08710973876714707,-0.05018408170867925,0.0,100,0.0,0.0,0.0,4.450695676803589
1075,-46.12565862515854,0.2,-0.28698236343458167,-0.1003051580041647,-0.07396906481283919,0.0,100,0.0,0.0,0.0,4.450695676803589
1075,-37.679957057937095,0.2,-0.19798779711946765,-0.09023943016678095,-0.0885723432931221,0.0,100,0.0,0.0,0.0,4.450695676803589
1075,-37.398726824086104,0.2,-0.22520079645438712,-0.07793257266283037,-0.07085389912364361,0.0,100,0.0,0.0,0.0,4.450695676803589
1100,-48.55856417829659,0.2,-0.3335847797352413,-0.0810354812592268,-0.07096538078849769,0.0,100,0.0,0.0,0.0,4.450695676803589
1100,-37.70281726846167,0.2,-0.21053713027754328,-0.07477114440500737,-0.09171989800206619,0.0,100,0.0,0.0,0.0,4.450695676803589
1100,-36.50236146743445,0.2,-0.19976614551177996,-0.07965389126539231,-0.08560357789717205,0.0,100,0.0,0.0,0.0,4.450695676803589
1100,-37.726360618803405,0.2,-0.20904936903526605,-0.09318185906112195,-0.07503237809164612,0.0,100,0.0,0.0,0.0,4.450695676803589
1100,-38.042014350922585,0.2,-0.23275859176567493,-0.07702772051095963,-0.07063383123259113,0.0,100,0.0,0.0,0.0,4.450695676803589
1125,-45.09746253635214,0.2,-0.3183161270361223,-0.06524865202605724,-0.067409846301342,0.0,100,0.0,0.0,0.0,4.450695676803589
1125,-36.90730691895395,0.2,-0.2135697614546765,-0.07115146206319332,-0.08435184567166949,0.0,100,0.0,0.0,0.0,4.450695676803589
1125,-37.29114413965847,0.2,-0.2252418501253034,-0.07384363376256078,-0.0738259575087207,0.0,100,0.0,0.0,0.0,4.450695676803589
1125,-44.40140390404718,0.2,-0.3219883563815418,-0.06642356076836586,-0.055602121890564016,0.0,100,0.0,0.0,0.0,4.450695676803589
1125,-36.20098878465759,0.2,-0.20461155582363585,-0.0929601840078831,-0.06443814801505705,0.0,100,0.0,0.0,0.0,4.450695676803589
1150,-32.30803940623255,0.2,-0.18433147488955862,-0.05831494635343553,-0.08043397281933132,0.0,100,0.0,0.0,0.0,4.450695676803589
1150,-44.95497445621093,0.2,-0.2775272348746296,-0.08648323146998882,-0.08553927821749056,0.0,100,0.0,0.0,0.0,4.450695676803589
1150,-36.021950934949885,0.2,-0.19072725606525548,-0.07706491906940938,-0.09242733421483393,0.0,100,0.0,0.0,0.0,4.450695676803589
1150,-43.695855010725694,0.2,-0.2979819086004723,-0.07317770959436894,-0.06579893191241544,0.0,100,0.0,0.0,0.0,4.450695676803589
1150,-43.805410072134165,0.2,-0.25541497179625017,-0.08674792814254761,-0.09589120078254382,0.0,100,0.0,0.0,0.0,4.450695676803589
1175,-38.32078730346036,0.2,-0.25440611159596643,-0.0828178552240133,-0.045983906214623796,0.0,100,0.0,0.0,0.0,4.469101638793945
1175,-32.80255937842346,0.2,-0.18031964321027177,-0.08481439858675004,-0.06289155198721276,0.0,100,0.0,0.0,0.0,4.469101638793945
1175,-40.32406576173677,0.2,-0.2682869154899619,-0.07721553887426852,-0.05773820325313733,0.0,100,0.0,0.0,0.0,4.469101638793945
1175,-34.87602655070404,0.2,-0.1917496099978953,-0.08863520713150502,-0.06837544837764023,0.0,100,0.0,0.0,0.0,4.469101638793945
1175,-38.847163469221854,0.2,-0.2404657637586611,-0.08665336349606513,-0.06135250743749216,0.0,100,0.0,0.0,0.0,4.474057374000549
1200,-54.05691798666204,0.2,-0.32434746003377546,-0.1424449869543314,-0.0737767328785137,0.0,100,0.0,0.0,0.0,4.513915600776673
1200,-47.851123752601715,0.2,-0.2704424612594436,-0.1410897259414196,-0.06697905032515351,0.0,100,0.0,0.0,0.0,4.513915600776673
1200,-42.48955847829421,0.2,-0.2384612696579741,-0.1309599516391754,-0.055474363485792724,0.0,100,0.0,0.0,0.0,4.513915600776673
1200,-49.72213019179972,0.2,-0.3020150076729257,-0.13804597651958464,-0.05716031772548691,0.0,100,0.0,0.0,0.0,4.513915600776673
1200,-45.45393548714277,0.2,-0.24101426380980218,-0.15739795076847077,-0.0561271402931549,0.0,100,0.0,0.0,0.0,4.513915600776673
1225,-33.98974122165343,0.2,-0.19195472130801908,-0.09012541706860068,-0.057817273839914626,0.0,100,0.0,0.0,0.0,4.527289781570435
1225,-53.088026117050475,0.2,-0.32813781643268664,-0.14792424952983857,-0.054818195207979786,0.0,100,0.0,0.0,0.0,4.527289781570435
1225,-39.064206032227524,0.2,-0.204114061662074,-0.1299424651861191,-0.05658553347408255,0.0,100,0.0,0.0,0.0,4.527289781570435
1225,-43.22049854414572,0.2,-0.23723484056313768,-0.11663833406567577,-0.07833181081264369,0.0,100,0.0,0.0,0.0,4.527289781570435
1225,-42.60425169748054,0.2,-0.25436940671072733,-0.10176977941393851,-0.0699033308501395,0.0,100,0.0,0.0,0.0,4.527289781570435
1250,-45.97257423249933,0.2,-0.2367497634064209,-0.15321800976991656,-0.06975796914865588,0.0,100,0.0,0.0,0.0,4.546336812973022
1250,-42.20808422647635,0.2,-0.19294772020537182,-0.1385758592486382,-0.0905572628107534,0.0,100,0.0,0.0,0.0,4.546336812973022
1250,-47.430318677451965,0.2,-0.2656173381025989,-0.13436264765262604,-0.0743232010192946,0.0,100,0.0,0.0,0.0,4.546336812973022
1250,-49.16180842136388,0.2,-0.28787623102366,-0.13382298362255096,-0.06991886956742793,0.0,100,0.0,0.0,0.0,4.546336812973022
1250,-55.567454876289155,0.2,-0.30582711752672503,-0.16850755703449255,-0.08133987420167405,0.0,100,0.0,0.0,0.0,4.546336812973022
1275,-43.383707228575524,0.2,-0.24307406564671483,-0.12105354593694212,-0.06970946070209832,0.0,100,0.0,0.0,0.0,4.547380557060242
1275,-40.26136321020844,0.2,-0.19678637376922797,-0.1301404818892479,-0.07568677644360845,0.0,100,0.0,0.0,0.0,4.547380557060242
1275,-44.01298322839189,0.2,-0.23759447689741986,-0.12631402668356898,-0.07622132870293016,0.0,100,0.0,0.0,0.0,4.547380557060242
1275,-42.76206747746258,0.2,-0.21204465322800647,-0.1430059185028076,-0.07257010304381166,0.0,100,0.0,0.0,0.0,4.547380557060242
1275,-49.93079239100797,0.2,-0.2992922885543832,-0.1306977607011795,-0.06931787465451712,0.0,100,0.0,0.0,0.0,4.547380557060242
1300,-44.27586959882518,0.2,-0.2592144197368427,-0.11542448966205121,-0.06811978658935784,0.0,100,0.0,0.0,0.0,4.547380557060242
1300,-39.765124085189704,0.2,-0.19080179552972237,-0.13877227103710177,-0.06807717428507282,0.0,100,0.0,0.0,0.0,4.547380557060242
1300,-53.41316313089773,0.2,-0.3079284745201885,-0.15138940918445587,-0.07481374760433282,0.0,100,0.0,0.0,0.0,4.547380557060242
1300,-41.026606774569096,0.2,-0.21489367775743617,-0.12197557368874552,-0.0733968162995095,0.0,100,0.0,0.0,0.0,4.547380557060242
1300,-43.85302328190115,0.2,-0.22418809863889774,-0.13993264293670657,-0.074409491243407,0.0,100,0.0,0.0,0.0,4.547380557060242
1325,-44.05438345642628,0.2,-0.20231302813765795,-0.16429679673910144,-0.07393400968750351,0.0,100,0.0,0.0,0.0,4.547380557060242
1325,-49.889423268339996,0.2,-0.30065514653971137,-0.1293723549693823,-0.06886673117430626,0.0,100,0.0,0.0,0.0,4.547380557060242
1325,-49.6903790210315,0.2,-0.28521961388872447,-0.1443575738668442,-0.06732660245474624,0.0,100,0.0,0.0,0.0,4.547380557060242
1325,-41.77004755933536,0.2,-0.23544164071389692,-0.11857582268118858,-0.06368301219826798,0.0,100,0.0,0.0,0.0,4.547380557060242
1325,-42.25979019349242,0.2,-0.18284863946964286,-0.1619957974553108,-0.07775346500997048,0.0,100,0.0,0.0,0.0,4.547380557060242
1350,-61.094916502552366,0.2,-0.3276293903824095,-0.19497856134176256,-0.0883412133013518,0.0,100,0.0,0.0,0.0,4.532435803413391
1350,-48.49686283691813,0.2,-0.2623697705822817,-0.13498428055644038,-0.08761457723045905,0.0,100,0.0,0.0,0.0,4.532435803413391
1350,-53.22641326484277,0.2,-0.26866938962437276,-0.18098522925376895,-0.08260951377028598,0.0,100,0.0,0.0,0.0,4.532435803413391
1350,-46.93227936749218,0.2,-0.23956483143339813,-0.13503871595859526,-0.09471924628292852,0.0,100,0.0,0.0,0.0,4.532435803413391
1350,-43.35193261340021,0.2,-0.19773897835019436,-0.14169186997413635,-0.09408847780967139,0.0,100,0.0,0.0,0.0,4.532435803413391
1375,-46.163452148916306,0.2,-0.266171151384872,-0.12084681630134585,-0.07461655380294524,0.0,100,0.0,0.0,0.0,4.544818639755249
1375,-39.19256240676893,0.2,-0.20164713199386128,-0.10603812550008299,-0.08424036657374513,0.0,100,0.0,0.0,0.0,4.544818639755249
1375,-56.319406724636764,0.2,-0.3506331195253777,-0.12901906114816664,-0.08354188657282323,0.0,100,0.0,0.0,0.0,4.544818639755249
1375,-43.77154512290153,0.2,-0.2120657925982165,-0.1472726174592972,-0.07837704117150163,0.0,100,0.0,0.0,0.0,4.544818639755249
1375,-44.750572987134255,0.2,-0.18730060000116797,-0.15522868540883064,-0.10497644446134373,0.0,100,0.0,0.0,0.0,4.544818639755249
1400,-44.472994835693164,0.2,-0.22079656398157355,-0.13199261558055878,-0.09194076879479945,0.0,100,0.0,0.0,0.0,4.544818639755249
1400,-42.853748899849776,0.2,-0.19632288389186048,-0.14226516836881636,-0.08994943673782071,0.0,100,0.0,0.0,0.0,4.544818639755249
1400,-40.03880895100741,0.2,-0.18194930895954098,-0.12573660054802896,-0.0927021800025042,0.0,100,0.0,0.0,0.0,4.544818639755249
1400,-44.094334134240974,0.2,-0.2350376153140729,-0.12593567004799844,-0.07997005598033836,0.0,100,0.0,0.0,0.0,4.544818639755249
1400,-42.23970877244054,0.2,-0.24105705722689463,-0.10163688978552818,-0.07970314071198262,0.0,100,0.0,0.0,0.0,4.544818639755249
1425,-38.503809197133464,0.2,-0.2591849340814023,-0.048379545629024495,-0.07747361226090786,0.0,100,0.0,0.0,0.0,4.573213577270508
1425,-36.297265247954606,0.2,-0.2117331888410974,-0.07293023985624314,-0.07830922378220558,0.0,100,0.0,0.0,0.0,4.573213577270508
1425,-37.63080399531107,0.2,-0.21192698339086166,-0.08738785225152972,-0.0769932043107191,0.0,100,0.0,0.0,0.0,4.573213577270508
1425,-44.97689233059315,0.2,-0.3120341965834576,-0.06764386455714702,-0.07009086216532694,0.0,100,0.0,0.0,0.0,4.573213577270508
1425,-30.5121689837346,0.2,-0.1861215843812424,-0.05939694193005563,-0.059603163526048136,0.0,100,0.0,0.0,0.0,4.573213577270508
1450,-36.6262202454632,0.2,-0.23818531971325288,-0.06191857197880745,-0.06615831076257182,0.0,100,0.0,0.0,0.0,4.573213577270508
1450,-42.98630378700559,0.2,-0.28266945664816806,-0.06636981084756553,-0.08082377037432228,0.0,100,0.0,0.0,0.0,4.573213577270508
1450,-33.331235022362804,0.2,-0.1877188958892943,-0.07128460890799762,-0.07430884542633616,0.0,100,0.0,0.0,0.0,4.573213577270508
1450,-39.434060526900296,0.2,-0.2621428916614418,-0.050697735548019394,-0.08149997805954179,0.0,100,0.0,0.0,0.0,4.573213577270508
1450,-42.84746991893073,0.2,-0.2912552968417378,-0.05905525125563145,-0.07816415109193772,0.0,100,0.0,0.0,0.0,4.573213577270508
1475,-36.78780375902793,0.2,-0.2133575679100151,-0.07782933498173952,-0.07669113469852458,0.0,100,0.0,0.0,0.0,4.588802914619446
1475,-41.64974373556062,0.2,-0.26514389033800445,-0.08759375553578136,-0.06375979148182068,0.0,100,0.0,0.0,0.0,4.6165656566619875
1475,-41.688230461358756,0.2,-0.23353984679908113,-0.12094923168420792,-0.062393226130298664,0.0,100,0.0,0.0,0.0,4.616608500480652
1475,-35.416956855846415,0.2,-0.1876056096921007,-0.10395806351304059,-0.06260589535332295,0.0,100,0.0,0.0,0.0,4.616608500480652
1475,-39.007213242206866,0.2,-0.21617877044236392,-0.10590871044993401,-0.0679846515297709,0.0,100,0.0,0.0,0.0,4.616608500480652
1500,-40.34844654105404,0.2,-0.24716694029393071,-0.07823892553150653,-0.07807859958510328,0.0,100,0.0,0.0,0.0,4.616608500480652
1500,-46.71258401086276,0.2,-0.2974460867905007,-0.1147459596991539,-0.054933793618973076,0.0,100,0.0,0.0,0.0,4.616608500480652
1500,-44.58489706792925,0.2,-0.29747892241003715,-0.0995573041588068,-0.048812744110448544,0.0,100,0.0,0.0,0.0,4.616608500480652
1500,-41.01383854715205,0.2,-0.2546272720730592,-0.09248181632161141,-0.0630292970768499,0.0,100,0.0,0.0,0.0,4.616608500480652
1500,-43.232495871250784,0.2,-0.25626913430545134,-0.10959908667206766,-0.06645673773498904,0.0,100,0.0,0.0,0.0,4.616608500480652
1525,-53.26304785472666,0.2,-0.2726170314038687,-0.19659594279527667,-0.06341750434812124,0.0,100,0.0,0.0,0.0,4.700026359558105
1525,-56.918157420855984,0.2,-0.28007227524116446,-0.2304098674654961,-0.05869943150189932,0.0,100,0.0,0.0,0.0,4.700492477416992
1525,-51.10191417757818,0.2,-0.24441733800181834,-0.201783560693264,-0.06481824308069947,0.0,100,0.0,0.0,0.0,4.700410151481629
1525,-49.38023496529962,0.2,-0.20109281917846716,-0.21332302629947664,-0.07938650417505239,0.0,100,0.0,0.0,0.0,4.700410151481629
1525,-58.55663803681543,0.2,-0.31310010073726474,-0.19142470145225524,-0.08104157817863471,0.0,100,0.0,0.0,0.0,4.6821725988388065
1550,-54.7803209215686,0.2,-0.30606042718004867,-0.16815972596406933,-0.07358305607156795,0.0,100,0.0,0.0,0.0,4.62612587928772
1550,-51.579530708734765,0.2,-0.28295734560826985,-0.14205863344669342,-0.09077932803238449,0.0,100,0.0,0.0,0.0,4.62612587928772
1550,-46.677376412449064,0.2,-0.21199495371292498,-0.16054356777667997,-0.0942352426348857,0.0,100,0.0,0.0,0.0,4.62612587928772
1550,-47.856796784376975,0.2,-0.22476344494258554,-0.17324955052137375,-0.08055497237981038,0.0,100,0.0,0.0,0.0,4.62612587928772
1550,-49.092001730195314,0.2,-0.2829094957811517,-0.12758681601285937,-0.08042370550794202,0.0,100,0.0,0.0,0.0,4.62612587928772
1575,-47.068671799753126,0.2,-0.20504512553283358,-0.15656138145923615,-0.10908021100546166,0.0,100,0.0,0.0,0.0,4.62612587928772
1575,-41.217785110214656,0.2,-0.18080223328565231,-0.14158674395084384,-0.08978887386565075,0.0,100,0.0,0.0,0.0,4.62612587928772
1575,-48.62341009734515,0.2,-0.26290603089011105,-0.14162619918584823,-0.08170187089749219,0.0,100,0.0,0.0,0.0,4.62612587928772
1575,-44.69949393088099,0.2,-0.2012559173911738,-0.1562348031997681,-0.0895042187178679,0.0,100,0.0,0.0,0.0,4.62612587928772
1575,-42.442069191301165,0.2,-0.21315949717248014,-0.11934018665552142,-0.09192100808501026,0.0,100,0.0,0.0,0.0,4.62612587928772
1600,-55.069864565182314,0.2,-0.29619894209451103,-0.15789379900693892,-0.09660590455037324,0.0,100,0.0,0.0,0.0,4.62612587928772
1600,-45.67419637685332,0.2,-0.2547137105069074,-0.11965798968076706,-0.08237026358085872,0.0,100,0.0,0.0,0.0,4.62612587928772
1600,-46.19678771220981,0.2,-0.21632409457720356,-0.15035733634233478,-0.09528644620255985,0.0,100,0.0,0.0,0.0,4.62612587928772
1600,-41.450729898946136,0.2,-0.1982363474258185,-0.12451756124198439,-0.09175339032165851,0.0,100,0.0,0.0,0.0,4.62612587928772
1600,-43.623073652680525,0.2,-0.23392306015077466,-0.12235320025682447,-0.07995447611920628,0.0,100,0.0,0.0,0.0,4.62612587928772
1625,-45.894796405181644,0.2,-0.23019486089395272,-0.1350228529572487,-0.09373025020061512,0.0,100,0.0,0.0,0.0,4.62612587928772
1625,-47.92029260170402,0.2,-0.24895170875001896,-0.14492799317836766,-0.08532322408865375,0.0,100,0.0,0.0,0.0,4.62612587928772
1625,-41.46842307521376,0.2,-0.18498469769863177,-0.1317407234311104,-0.0979588096223955,0.0,100,0.0,0.0,0.0,4.62612587928772
1625,-49.193219319076825,0.2,-0.2868695192966457,-0.1260228204727173,-0.07903985342140508,0.0,100,0.0,0.0,0.0,4.62612587928772
1625,-59.5559982001718,0.2,-0.3010074050586658,-0.20184739023447032,-0.09270518670858176,0.0,100,0.0,0.0,0.0,4.62612587928772
1650,-55.12609438279529,0.2,-0.2923181975766078,-0.16298476648330687,-0.09595797976803824,0.0,100,0.0,0.0,0.0,4.62612587928772
1650,-45.613564478622735,0.2,-0.22726071133552794,-0.1383264968395233,-0.09054843661117619,0.0,100,0.0,0.0,0.0,4.62612587928772
1650,-46.62720029913075,0.2,-0.25678619488040083,-0.13265302121639252,-0.07683278689451405,0.0,100,0.0,0.0,0.0,4.62612587928772
1650,-47.15557986269001,0.2,-0.20905943180982692,-0.15829007464647293,-0.1042062921706003,0.0,100,0.0,0.0,0.0,4.62612587928772
1650,-41.86626042411519,0.2,-0.19242512174878385,-0.13457563000917436,-0.09166185248319372,0.0,100,0.0,0.0,0.0,4.62612587928772
1675,-45.61753058900659,0.2,-0.2295883686203091,-0.1401535552442074,-0.08643338202554933,0.0,100,0.0,0.0,0.0,4.62612587928772
1675,-45.012438114503375,0.2,-0.21417246753334415,-0.1502533131837845,-0.08569860042790504,0.0,100,0.0,0.0,0.0,4.62612587928772
1675,-46.71342209526047,0.2,-0.2709432442422175,-0.11488179190456871,-0.0813091848058186,0.0,100,0.0,0.0,0.0,4.62612587928772
1675,-46.48459274987235,0.2,-0.26499164026735433,-0.12303951357305049,-0.0768147736583188,0.0,100,0.0,0.0,0.0,4.62612587928772
1675,-50.36541338791424,0.2,-0.29131322590645686,-0.1325859332084656,-0.07975497476421974,0.0,100,0.0,0.0,0.0,4.62612587928772
1700,-48.001903043273764,0.2,-0.2235096817827899,-0.15532214981317521,-0.10118719883677275,0.0,100,0.0,0.0,0.0,4.62612587928772
1700,-43.43611863768323,0.2,-0.20023135453560698,-0.12435185858607295,-0.1097779732551523,0.0,100,0.0,0.0,0.0,4.62612587928772
1700,-57.152652222270355,0.2,-0.3404483422675802,-0.15418860018253328,-0.07688957977259006,0.0,100,0.0,0.0,0.0,4.62612587928772
1700,-49.36623514939787,0.2,-0.23526746697723053,-0.16876147666573524,-0.08963340785101304,0.0,100,0.0,0.0,0.0,4.62612587928772
1700,-46.35496365937571,0.2,-0.24745493466430799,-0.14448494175076484,-0.07160976017868423,0.0,100,0.0,0.0,0.0,4.62612587928772
1725,-45.90401731682288,0.2,-0.22473897374366122,-0.1357205199301243,-0.09858067949444342,0.0,100,0.0,0.0,0.0,4.62612587928772
1725,-53.17527771355589,0.2,-0.30860289775416144,-0.13311292195320132,-0.09003695742819623,0.0,100,0.0,0.0,0.0,4.62612587928772
1725,-52.375766219283776,0.2,-0.31248759352845534,-0.13530480256676675,-0.07596526609761588,0.0,100,0.0,0.0,0.0,4.62612587928772
1725,-55.662599359591894,0.2,-0.32990770280144305,-0.14939156611263754,-0.0773267246818384,0.0,100,0.0,0.0,0.0,4.62612587928772
1725,-49.58065489703587,0.2,-0.3015943045436927,-0.11638826480507851,-0.07782397962158727,0.0,100,0.0,0.0,0.0,4.62612587928772
1750,-46.98310649579547,0.2,-0.24087534071628994,-0.14679888874292374,-0.08215683549874071,0.0,100,0.0,0.0,0.0,4.62612587928772
1750,-36.662523932825756,0.2,-0.17668725393919726,-0.10582979567348959,-0.08410818971557067,0.0,100,0.0,0.0,0.0,4.62612587928772
1750,-52.179166360267175,0.2,-0.3141644551378137,-0.12108456954360008,-0.08654263892125798,0.0,100,0.0,0.0,0.0,4.62612587928772
1750,-42.330653637974464,0.2,-0.18160794644089795,-0.1482255576848984,-0.09347303225394848,0.0,100,0.0,0.0,0.0,4.62612587928772
1750,-43.09720519339936,0.2,-0.1991659512637539,-0.1438249214291573,-0.08798117924108247,0.0,100,0.0,0.0,0.0,4.62612587928772
1775,-49.508222508007854,0.2,-0.2487582306627567,-0.1433464850783348,-0.1029775093389869,0.0,100,0.0,0.0,0.0,4.62612587928772
1775,-48.31526309704748,0.2,-0.27911087655007966,-0.12538438898324966,-0.07865736543714552,0.0,100,0.0,0.0,0.0,4.62612587928772
1775,-51.85963201141209,0.2,-0.3089526345329543,-0.12535600355267523,-0.08428768202849106,0.0,100,0.0,0.0,0.0,4.62612587928772
1775,-41.12100591630527,0.2,-0.20687565852862846,-0.11917605844140051,-0.08515834219302372,0.0,100,0.0,0.0,0.0,4.62612587928772
1775,-44.95294016669286,0.2,-0.21308822501818475,-0.14816586807370188,-0.08827530857504227,0.0,100,0.0,0.0,0.0,4.62612587928772
1800,-42.675101923293575,0.2,-0.19117414756545514,-0.14027008101344107,-0.09530679065403967,0.0,100,0.0,0.0,0.0,4.62612587928772
1800,-39.93660455890529,0.2,-0.18671050096359365,-0.12331225779652595,-0.08934328682893307,0.0,100,0.0,0.0,0.0,4.62612587928772
1800,-53.01223141027154,0.2,-0.28684190748823335,-0.1475445425361395,-0.09573586407834273,0.0,100,0.0,0.0,0.0,4.62612587928772
1800,-41.739413062637986,0.2,-0.2269401046546239,-0.10234447932243348,-0.0881095466493226,0.0,100,0.0,0.0,0.0,4.62612587928772
1800,-40.93859625840547,0.2,-0.1843497365961646,-0.13196321538090708,-0.09307301060698304,0.0,100,0.0,0.0,0.0,4.62612587928772
1825,-43.64675487544722,0.2,-0.24133938012964293,-0.11125185149908065,-0.08387631712574865,0.0,100,0.0,0.0,0.0,4.62612587928772
1825,-54.814405482122716,0.2,-0.30928744413424963,-0.15543539094924927,-0.08342121973772823,0.0,100,0.0,0.0,0.0,4.62612587928772
1825,-53.84544417353937,0.2,-0.29994792213753824,-0.1544459979236126,-0.0840605216742429,0.0,100,0.0,0.0,0.0,4.62612587928772
1825,-44.302408722378985,0.2,-0.21757560097537432,-0.12669298523664477,-0.0987555010117707,0.0,100,0.0,0.0,0.0,4.62612587928772
1825,-42.671821135606244,0.2,-0.19285629749755373,-0.134108007311821,-0.0997539065466877,0.0,100,0.0,0.0,0.0,4.62612587928772
1850,-55.157610216651385,0.2,-0.33888142110393255,-0.1230265064239502,-0.08966817463863118,0.0,100,0.0,0.0,0.0,4.62612587928772
1850,-52.90695088225533,0.2,-0.32139055282659174,-0.11826904201507567,-0.08940991398088588,0.0,100,0.0,0.0,0.0,4.62612587928772
1850,-41.50660091461413,0.2,-0.20588139552499068,-0.12482021024823188,-0.0843644033729189,0.0,100,0.0,0.0,0.0,4.62612587928772
1850,-46.96316647707909,0.2,-0.2116431227210606,-0.15675370344519612,-0.10123483860453429,0.0,100,0.0,0.0,0.0,4.62612587928772
1850,-43.90300484343905,0.2,-0.22665278730452504,-0.12525668343901633,-0.08712057769084897,0.0,100,0.0,0.0,0.0,4.62612587928772
1875,-47.041377437445504,0.2,-0.2469604697369655,-0.14159488210082055,-0.08185842253666899,0.0,100,0.0,0.0,0.0,4.62612587928772
1875,-53.531692209786144,0.2,-0.31893739206356153,-0.1305017607212067,-0.0858777693130933,0.0,100,0.0,0.0,0.0,4.62612587928772
1875,-58.98570683339831,0.2,-0.32733364251391217,-0.16827099919319152,-0.09425242662687959,0.0,100,0.0,0.0,0.0,4.62612587928772
1875,-45.8761322008148,0.2,-0.20683232981886188,-0.16685022467374805,-0.08507876751553793,0.0,100,0.0,0.0,0.0,4.62612587928772
1875,-52.8769754363278,0.2,-0.27679780675661475,-0.17170031064748761,-0.08027163695917551,0.0,100,0.0,0.0,0.0,4.62612587928772
1900,-50.221976599512146,0.2,-0.2588980904239762,-0.16073494502902033,-0.08258673054212487,0.0,100,0.0,0.0,0.0,4.62612587928772
1900,-51.484896169047346,0.2,-0.28070121223206007,-0.1528595990538597,-0.08128815040455345,0.0,100,0.0,0.0,0.0,4.62612587928772
1900,-47.62108386306259,0.2,-0.23551503166218604,-0.1564360524713993,-0.08425975449704051,0.0,100,0.0,0.0,0.0,4.62612587928772
1900,-46.14602953694586,0.2,-0.2151791456918521,-0.14237746965885162,-0.10390368001875502,0.0,100,0.0,0.0,0.0,4.62612587928772
1900,-43.177405039201155,0.2,-0.19159828458029193,-0.15228151479363444,-0.08789425101808503,0.0,100,0.0,0.0,0.0,4.62612587928772
1925,-44.65545072712639,0.2,-0.21569623197648408,-0.14641724023222924,-0.08444103506255057,0.0,100,0.0,0.0,0.0,4.62612587928772
1925,-51.54121622733069,0.2,-0.26249444033642766,-0.17019818323850636,-0.08271953869837297,0.0,100,0.0,0.0,0.0,4.62612587928772
1925,-40.80152348639924,0.2,-0.17809775816246226,-0.14610030972957613,-0.08381716697195404,0.0,100,0.0,0.0,0.0,4.62612587928772
1925,-42.263469550802526,0.2,-0.2078585157614016,-0.1226482565701008,-0.09212792317652298,0.0,100,0.0,0.0,0.0,4.62612587928772
1925,-48.870050197524556,0.2,-0.22953258706217075,-0.16444253200292588,-0.09472538291014862,0.0,100,0.0,0.0,0.0,4.62612587928772
1950,-46.247198747075885,0.2,-0.2123347602858688,-0.14897414404153825,-0.10116308314335179,0.0,100,0.0,0.0,0.0,4.62612587928772
1950,-45.97845092021534,0.2,-0.2406280971519755,-0.11831455433368684,-0.10084185771649114,0.0,100,0.0,0.0,0.0,4.62612587928772
1950,-40.0761939622428,0.2,-0.1880959081838285,-0.12602055817842484,-0.08664547326017466,0.0,100,0.0,0.0,0.0,4.62612587928772
1950,-49.59999843097364,0.2,-0.2572488936301931,-0.1453972768783569,-0.09335381380118629,0.0,100,0.0,0.0,0.0,4.62612587928772
1950,-48.48399163286425,0.2,-0.29516537517158126,-0.10780380070209505,-0.08187074045496628,0.0,100,0.0,0.0,0.0,4.62612587928772
1975,-45.593929074785216,0.2,-0.221238620996363,-0.14753554701805116,-0.08716512273343806,0.0,100,0.0,0.0,0.0,4.62612587928772
1975,-47.124725830434805,0.2,-0.2412090055956146,-0.13740423646569255,-0.09263401624304103,0.0,100,0.0,0.0,0.0,4.62612587928772
1975,-42.92044973641893,0.2,-0.19949919334344496,-0.14560152578353883,-0.08410377823720548,0.0,100,0.0,0.0,0.0,4.62612587928772
1975,-51.336902617930924,0.2,-0.2905759594131396,-0.13072612155973914,-0.09206694520643055,0.0,100,0.0,0.0,0.0,4.62612587928772
1975,-48.22328931738385,0.2,-0.26889998047718877,-0.13277011445164683,-0.08056279824500295,0.0,100,0.0,0.0,0.0,4.62612587928772
2000,-46.43258201035594,0.2,-0.2145181158741774,-0.1491534358859062,-0.10065426834347573,0.0,100,0.0,0.0,0.0,4.62612587928772
2000,-47.925503319144184,0.2,-0.240440539321029,-0.14211256951093673,-0.09670192435947596,0.0,100,0.0,0.0,0.0,4.62612587928772
2000,-43.09397560080334,0.2,-0.20620710187155594,-0.13254810202121736,-0.09218455211526026,0.0,100,0.0,0.0,0.0,4.62612587928772
2000,-49.339121186657486,0.2,-0.26588104595931117,-0.14268651151657108,-0.08482365439069252,0.0,100,0.0,0.0,0.0,4.62612587928772
2000,-55.740945842066715,0.2,-0.33299319182697557,-0.12547704181075095,-0.09893922478294057,0.0,100,0.0,0.0,0.0,4.62612587928772
2025,-39.118353050029924,0.2,-0.18690255776224166,-0.1143050237298012,-0.08997594900825641,0.0,100,0.0,0.0,0.0,4.62612587928772
2025,-43.24492462193773,0.2,-0.22753241174631836,-0.1184436683356762,-0.0864731661373828,0.0,100,0.0,0.0,0.0,4.62612587928772
2025,-46.053948424137296,0.2,-0.21113949699972512,-0.15778177738189697,-0.09161820985975078,0.0,100,0.0,0.0,0.0,4.62612587928772
2025,-46.828925117887536,0.2,-0.2580752969818004,-0.1261755297780037,-0.0840384244190711,0.0,100,0.0,0.0,0.0,4.62612587928772
2025,-47.12023972883826,0.2,-0.19566229611186484,-0.1768889313340187,-0.09865116984249904,0.0,100,0.0,0.0,0.0,4.62612587928772
2050,-53.84892746598738,0.2,-0.3098780505057578,-0.15278606978058815,-0.07582515437352785,0.0,100,0.0,0.0,0.0,4.62612587928772
2050,-44.876187484066385,0.2,-0.18724208862514494,-0.17553834123909476,-0.08598144497642408,0.0,100,0.0,0.0,0.0,4.62612587928772
2050,-50.011561072289425,0.2,-0.30859473416739425,-0.10326088854670527,-0.08825998800879478,0.0,100,0.0,0.0,0.0,4.62612587928772
2050,-50.209226423118494,0.2,-0.27122393912600307,-0.1487931056916714,-0.08207521941351051,0.0,100,0.0,0.0,0.0,4.62612587928772
2050,-49.34660004704842,0.2,-0.2986764552906903,-0.11097727450728417,-0.0838122706725098,0.0,100,0.0,0.0,0.0,4.62612587928772
2075,-44.58621741633892,0.2,-0.2117434639548513,-0.14215987288951873,-0.09195883731901898,0.0,100,0.0,0.0,0.0,4.62612587928772
2075,-52.33114002540258,0.2,-0.30705042104196467,-0.1308972583115101,-0.0853637209005511,0.0,100,0.0,0.0,0.0,4.62612587928772
2075,-44.66690565517572,0.2,-0.20462445845793906,-0.13320856058597563,-0.1088360375078425,0.0,100,0.0,0.0,0.0,4.62612587928772
2075,-46.407698572316484,0.2,-0.24687660486426324,-0.13395297718048096,-0.0832474036784206,0.0,100,0.0,0.0,0.0,4.62612587928772
2075,-42.28095231366097,0.2,-0.1843837670715204,-0.1491912833452225,-0.08923447271986694,0.0,100,0.0,0.0,0.0,4.62612587928772
2100,-48.63585672813702,0.2,-0.24708853867157804,-0.15157463243603705,-0.0876953961737549,0.0,100,0.0,0.0,0.0,4.62612587928772
2100,-46.25527991335699,0.2,-0.1875965685440101,-0.1858637915849685,-0.08909243900459125,0.0,100,0.0,0.0,0.0,4.62612587928772
2100,-47.19697985732607,0.2,-0.2053145921988488,-0.16800870096683504,-0.09864650540757715,0.0,100,0.0,0.0,0.0,4.62612587928772
2100,-48.09087282136814,0.2,-0.26449382180701675,-0.13802397811412812,-0.07839092829253654,0.0,100,0.0,0.0,0.0,4.62612587928772
2100,-49.10349400406081,0.2,-0.2849913982240134,-0.11383381514251234,-0.09220972667408242,0.0,100,0.0,0.0,0.0,4.62612587928772
2125,-51.45730037516327,0.2,-0.2924855063423242,-0.1450173372924328,-0.07707016011687587,0.0,100,0.0,0.0,0.0,4.62612587928772
2125,-57.38041559376723,0.2,-0.3308764948971091,-0.15182803431153297,-0.09109962672903033,0.0,100,0.0,0.0,0.0,4.62612587928772
2125,-47.65419602419091,0.2,-0.23661776773408502,-0.14815862220525744,-0.09176557030256664,0.0,100,0.0,0.0,0.0,4.62612587928772
2125,-41.33380014720475,0.2,-0.20772343462774626,-0.10421523708105085,-0.10139932976325032,0.0,100,0.0,0.0,0.0,4.62612587928772
2125,-59.48147372022747,0.2,-0.352413359735583,-0.14645950257778168,-0.09594187488891003,0.0,100,0.0,0.0,0.0,4.62612587928772
2150,-46.67877368415077,0.2,-0.22419860166153943,-0.15631659841537476,-0.08627253676459365,0.0,100,0.0,0.0,0.0,4.62612587928772
2150,-49.53276802251651,0.2,-0.3130135899021592,-0.10825829744338987,-0.07405579287961613,0.0,100,0.0,0.0,0.0,4.62612587928772
2150,-44.239917495205404,0.2,-0.23719485709653312,-0.1094241228401661,-0.09578019501535479,0.0,100,0.0,0.0,0.0,4.62612587928772
2150,-42.47665987899684,0.2,-0.17911215053942353,-0.15561215108633045,-0.09004229716421439,0.0,100,0.0,0.0,0.0,4.62612587928772
2150,-49.55131716690009,0.2,-0.26218310044199145,-0.1491720153093338,-0.08415805591767538,0.0,100,0.0,0.0,0.0,4.62612587928772
2175,-46.45660547204843,0.2,-0.24337693203586241,-0.12745573182404044,-0.09373339086058152,0.0,100,0.0,0.0,0.0,4.62612587928772
2175,-51.889138532306625,0.2,-0.29813389882086266,-0.14133589771389962,-0.07942158878830388,0.0,100,0.0,0.0,0.0,4.62612587928772
2175,-40.23130848802536,0.2,-0.1904927451671811,-0.1233756533265114,-0.08844468638656103,0.0,100,0.0,0.0,0.0,4.62612587928772
2175,-43.00660181570792,0.2,-0.20184614048210267,-0.14105477011203768,-0.08716510756293891,0.0,100,0.0,0.0,0.0,4.62612587928772
2175,-57.36425609172547,0.2,-0.326641085728182,-0.15421317267417908,-0.09278830251489362,0.0,100,0.0,0.0,0.0,4.62612587928772
2200,-39.98969595512888,0.2,-0.17841348480850552,-0.12351929056644442,-0.09796418417633895,0.0,100,0.0,0.0,0.0,4.62612587928772
2200,-50.40383272289856,0.2,-0.2930394306183573,-0.13261048251390456,-0.07838841409672355,0.0,100,0.0,0.0,0.0,4.62612587928772
2200,-55.6342169310882,0.2,-0.30693655101764866,-0.1719721776247025,-0.07743344066853114,0.0,100,0.0,0.0,0.0,4.62612587928772
2200,-48.330946631830685,0.2,-0.23845287025188452,-0.1629721850156784,-0.08188441105074397,0.0,100,0.0,0.0,0.0,4.62612587928772
2200,-53.5676335208307,0.2,-0.33738328944189044,-0.12426082956790925,-0.07403221619850685,0.0,100,0.0,0.0,0.0,4.62612587928772
2225,-43.71578116843514,0.2,-0.21077876460161396,-0.12866822141408923,-0.09771082566864812,0.0,100,0.0,0.0,0.0,4.62612587928772
2225,-52.94327129180773,0.2,-0.3036088228176517,-0.145190358877182,-0.08063353122324379,0.0,100,0.0,0.0,0.0,4.62612587928772
2225,-49.14833469658948,0.2,-0.2629333501808384,-0.14699997884035113,-0.08155001794470497,0.0,100,0.0,0.0,0.0,4.62612587928772
2225,-56.84735326672501,0.2,-0.2913943639806046,-0.19274715626239775,-0.08433201242424784,0.0,100,0.0,0.0,0.0,4.62612587928772
2225,-47.64029927846072,0.2,-0.25166102341432245,-0.14825126057863236,-0.07649070879165226,0.0,100,0.0,0.0,0.0,4.62612587928772
2250,-46.570316516169484,0.2,-0.2615163980430171,-0.12257289934158325,-0.08161386777709473,0.0,100,0.0,0.0,0.0,4.62612587928772
2250,-50.058460623590214,0.2,-0.2632039356581129,-0.15522371235489849,-0.08215695822289096,0.0,100,0.0,0.0,0.0,4.62612587928772
2250,-55.11433130469602,0.2,-0.33430987006968577,-0.142419373691082,-0.07441406928619256,0.0,100,0.0,0.0,0.0,4.62612587928772
2250,-41.1787192402688,0.2,-0.20866359068966264,-0.11514288392663001,-0.08798071778639524,0.0,100,0.0,0.0,0.0,4.62612587928772
2250,-49.37818424452278,0.2,-0.27095809594710657,-0.14094911493360998,-0.08187463156451123,0.0,100,0.0,0.0,0.0,4.62612587928772
2275,-44.65508505272202,0.2,-0.20474834716536136,-0.14381683304905893,-0.09798567031279991,0.0,100,0.0,0.0,0.0,4.62612587928772
2275,-49.25613611121434,0.2,-0.26908267007701253,-0.1302677743136883,-0.09321091672144234,0.0,100,0.0,0.0,0.0,4.62612587928772
2275,-48.728264161776615,0.2,-0.22243674763684423,-0.1698445809185505,-0.09500131306237124,0.0,100,0.0,0.0,0.0,4.62612587928772
2275,-42.470681427151725,0.2,-0.20398659422430768,-0.1360347365438938,-0.08468548350331577,0.0,100,0.0,0.0,0.0,4.62612587928772
2275,-38.9593935264388,0.2,-0.17787424505922236,-0.12182669058442115,-0.08989299962074447,0.0,100,0.0,0.0,0.0,4.62612587928772
2300,-43.462693707476895,0.2,-0.19850321029618567,-0.1483389827013016,-0.08778474407728158,0.0,100,0.0,0.0,0.0,4.62612587928772
2300,-51.375738405893586,0.2,-0.2952448368419445,-0.1258477137386799,-0.09266483347831145,0.0,100,0.0,0.0,0.0,4.62612587928772
2300,-50.35991448199096,0.2,-0.26528522698281254,-0.1543948689699173,-0.0839190488671798,0.0,100,0.0,0.0,0.0,4.62612587928772
2300,-38.21489707439143,0.2,-0.1818371519418065,-0.10874135553836824,-0.09157046326373956,0.0,100,0.0,0.0,0.0,4.62612587928772
2300,-46.627762936418435,0.2,-0.24750576507008046,-0.12471983224153521,-0.0940520320525689,0.0,100,0.0,0.0,0.0,4.62612587928772
2325,-40.700603370804664,0.2,-0.19806074359176618,-0.10684905260801315,-0.10209623750826738,0.0,100,0.0,0.0,0.0,4.62612587928772
2325,-43.73747544181856,0.2,-0.1790664748390996,-0.1681215666234493,-0.09018671295563674,0.0,100,0.0,0.0,0.0,4.62612587928772
2325,-53.23969131577681,0.2,-0.33417035901066505,-0.10839914894104004,-0.08982740520606271,0.0,100,0.0,0.0,0.0,4.62612587928772
2325,-54.601049633860434,0.2,-0.30361292177857124,-0.1642719125151634,-0.07812566204486966,0.0,100,0.0,0.0,0.0,4.62612587928772
2325,-52.924000083387405,0.2,-0.2971346053901776,-0.14143183320760727,-0.0906735622360893,0.0,100,0.0,0.0,0.0,4.62612587928772
2350,-46.55359701804434,0.2,-0.24177386553409108,-0.13773049399256707,-0.08603161065378546,0.0,100,0.0,0.0,0.0,4.62612587928772
2350,-53.19751155551096,0.2,-0.308620989692711,-0.14600908610224725,-0.07734503976015135,0.0,100,0.0,0.0,0.0,4.62612587928772
2350,-54.186565164874445,0.2,-0.3082791461203342,-0.1554109942615032,-0.07817551126690696,0.0,100,0.0,0.0,0.0,4.62612587928772
2350,-51.10675562012937,0.2,-0.2549407306018461,-0.16753675308823587,-0.08859007251121163,0.0,100,0.0,0.0,0.0,4.62612587928772
2350,-48.689807894918935,0.2,-0.2258289321283753,-0.17129021918773651,-0.0897789276330777,0.0,100,0.0,0.0,0.0,4.62612587928772
2375,-44.15614425784055,0.2,-0.2034199055721463,-0.1588358088731766,-0.07930572813308269,0.0,100,0.0,0.0,0.0,4.62612587928772
2375,-52.78235265220449,0.2,-0.29964085782245586,-0.14728709551692012,-0.08089557318266878,0.0,100,0.0,0.0,0.0,4.62612587928772
2375,-51.77609176651687,0.2,-0.30715437843946536,-0.1328377580344677,-0.07776878119123574,0.0,100,0.0,0.0,0.0,4.62612587928772
2375,-47.26344324547394,0.2,-0.21545523968828295,-0.15486655086278917,-0.10231264190366694,0.0,100,0.0,0.0,0.0,4.62612587928772
2375,-54.76515778257723,0.2,-0.2971027715834128,-0.17142478263378144,-0.07912402360857808,0.0,100,0.0,0.0,0.0,4.62612587928772
2400,-41.98390876170684,0.2,-0.17688696758915948,-0.14887987202405928,-0.09407224800384985,0.0,100,0.0,0.0,0.0,4.62612587928772
2400,-46.09846449872523,0.2,-0.2524743759670866,-0.11661306264996528,-0.0918972063702005,0.0,100,0.0,0.0,0.0,4.62612587928772
2400,-39.16251212737571,0.2,-0.20408812282042774,-0.09286893364787105,-0.0946680648054583,0.0,100,0.0,0.0,0.0,4.62612587928772
2400,-45.169542633347305,0.2,-0.22145843358530304,-0.12735424485802652,-0.10288274789014346,0.0,100,0.0,0.0,0.0,4.62612587928772
2400,-44.64895899983431,0.2,-0.20139642992065365,-0.15483391141891478,-0.09025924865877438,0.0,100,0.0,0.0,0.0,4.62612587928772
2425,-40.97507850770544,0.2,-0.20734145827751915,-0.11076156244426967,-0.09164776435526562,0.0,100,0.0,0.0,0.0,4.62612587928772
2425,-43.251654777502075,0.2,-0.1955872986316739,-0.15361418431997298,-0.08331506482337399,0.0,100,0.0,0.0,0.0,4.62612587928772
2425,-44.35093286182057,0.2,-0.1876887175983688,-0.1472365404367447,-0.108584070583092,0.0,100,0.0,0.0,0.0,4.62612587928772
2425,-55.07747594661248,0.2,-0.2909462993174559,-0.1833098239898682,-0.0765186361588012,0.0,100,0.0,0.0,0.0,4.62612587928772
2425,-51.81647372368465,0.2,-0.31141236276752826,-0.12747603845596314,-0.07927633601335536,0.0,100,0.0,0.0,0.0,4.62612587928772
2450,-53.62450920485074,0.2,-0.29857924607212566,-0.14769801966845988,-0.08996782630792188,0.0,100,0.0,0.0,0.0,4.62612587928772
2450,-43.61605262684381,0.2,-0.20377978755794185,-0.13963282245397568,-0.09274791625652051,0.0,100,0.0,0.0,0.0,4.62612587928772
2450,-48.95252776922913,0.2,-0.25381552799674945,-0.15346187219023705,-0.08224787750530471,0.0,100,0.0,0.0,0.0,4.62612587928772
2450,-50.94931470998831,0.2,-0.27991090946486713,-0.1343524856567383,-0.09522975197827753,0.0,100,0.0,0.0,0.0,4.62612587928772
2450,-55.85552638974991,0.2,-0.3268651113464728,-0.13707738691568375,-0.09461276563534259,0.0,100,0.0,0.0,0.0,4.62612587928772
2475,-46.87851703965692,0.2,-0.20788481667162842,-0.15733330163359643,-0.10356705209134423,0.0,100,0.0,0.0,0.0,4.62612587928772
2475,-52.484360802096006,0.2,-0.3202072438178205,-0.13193173471093178,-0.07270462949220768,0.0,100,0.0,0.0,0.0,4.62612587928772
2475,-41.62635861512655,0.2,-0.2147673373286322,-0.11762776966392995,-0.0838684791587034,0.0,100,0.0,0.0,0.0,4.62612587928772
2475,-47.734122736841684,0.2,-0.28095369639653717,-0.1032800599783659,-0.09310747099351385,0.0,100,0.0,0.0,0.0,4.62612587928772
2475,-47.53490696504697,0.2,-0.24872118229708065,-0.14562511095404626,-0.08100277639934288,0.0,100,0.0,0.0,0.0,4.62612587928772
2500,-53.94337230581871,0.2,-0.28160038065418364,-0.1765278652906418,-0.08130547711336167,0.0,100,0.0,0.0,0.0,4.62612587928772
2500,-38.19957828685128,0.2,-0.18340258391563516,-0.1135908338725567,-0.08500236508032093,0.0,100,0.0,0.0,0.0,4.62612587928772
2500,-44.8864696517129,0.2,-0.23636874913300077,-0.12976570677012209,-0.0827302406140061,0.0,100,0.0,0.0,0.0,4.62612587928772
2500,-60.218474820257235,0.2,-0.34352209524734334,-0.1632544158101082,-0.09540823714512081,0.0,100,0.0,0.0,0.0,4.62612587928772
2500,-45.35172165248674,0.2,-0.22266600220734223,-0.12978768599033358,-0.10106352832719159,0.0,100,0.0,0.0,0.0,4.62612587928772
2525,-43.16658679000563,0.2,-0.1971381208348589,-0.1311506760120392,-0.10337707105315812,0.0,100,0.0,0.0,0.0,4.62612587928772
2525,-46.65168338839108,0.2,-0.22620908347301505,-0.15850472402572632,-0.08180302638516945,0.0,100,0.0,0.0,0.0,4.62612587928772
2525,-40.31910956416383,0.2,-0.1898373218080915,-0.12719687002897262,-0.08615690380457407,0.0,100,0.0,0.0,0.0,4.62612587928772
2525,-51.10429556292231,0.2,-0.23274188345470695,-0.1862954268455506,-0.09200564532896571,0.0,100,0.0,0.0,0.0,4.62612587928772
2525,-45.657926861372886,0.2,-0.22526271540566573,-0.14503328868746757,-0.08628326452059534,0.0,100,0.0,0.0,0.0,4.62612587928772
2550,-39.413783754103605,0.2,-0.19213184393159136,-0.11020023283362387,-0.09180576077582073,0.0,100,0.0,0.0,0.0,4.62612587928772
2550,-44.4629329460874,0.2,-0.19497819740775232,-0.15784898191690444,-0.09180215013621738,0.0,100,0.0,0.0,0.0,4.62612587928772
2550,-45.160193821589786,0.2,-0.19520064819861208,-0.16414291661977767,-0.09225837339750807,0.0,100,0.0,0.0,0.0,4.62612587928772
2550,-57.375806802971496,0.2,-0.309996947265716,-0.18555363917350767,-0.07820748159049118,0.0,100,0.0,0.0,0.0,4.62612587928772
2550,-45.98347168245476,0.2,-0.2366770311727068,-0.13454474782943726,-0.08861293782240354,0.0,100,0.0,0.0,0.0,4.62612587928772
2575,-50.28225503343449,0.2,-0.2703945619614068,-0.14986077612638474,-0.08256721224655354,0.0,100,0.0,0.0,0.0,4.62612587928772
2575,-46.422113895627334,0.2,-0.22506478922016054,-0.16112558174133298,-0.07803076799477973,0.0,100,0.0,0.0,0.0,4.62612587928772
2575,-41.50788868996461,0.2,-0.18870972414618314,-0.15235994228720667,-0.0740092204662563,0.0,100,0.0,0.0,0.0,4.62612587928772
2575,-47.45915784604079,0.2,-0.23520612969816054,-0.15628562796115875,-0.08309982080108858,0.0,100,0.0,0.0,0.0,4.62612587928772
2575,-53.006060302665716,0.2,-0.30588774074594755,-0.1501306282579899,-0.07404223402271964,0.0,100,0.0,0.0,0.0,4.62612587928772
2600,-42.00675603218274,0.2,-0.17975913472763344,-0.14804838748276233,-0.09226003811143176,0.0,100,0.0,0.0,0.0,4.62612587928772
2600,-40.61616531916445,0.2,-0.1818159266468204,-0.13144598853588105,-0.09289973800894319,0.0,100,0.0,0.0,0.0,4.62612587928772
2600,-47.90107711823063,0.2,-0.2530199466757001,-0.1474083820581436,-0.07858244244846262,0.0,100,0.0,0.0,0.0,4.62612587928772
2600,-47.98954542718373,0.2,-0.23299014369968862,-0.14670086491107942,-0.10020444566106913,0.0,100,0.0,0.0,0.0,4.62612587928772
2600,-46.840814522098356,0.2,-0.20682302298520208,-0.16761235174536704,-0.09397277049041473,0.0,100,0.0,0.0,0.0,4.62612587928772
2625,-47.53395324024072,0.2,-0.2186717203914603,-0.17060479575395582,-0.08606301625699096,0.0,100,0.0,0.0,0.0,4.62612587928772
2625,-38.34769673658554,0.2,-0.19287926940407285,-0.10648009049892422,-0.08411760746285817,0.0,100,0.0,0.0,0.0,4.62612587928772
2625,-43.94856936976887,0.2,-0.20458904406865083,-0.14764719209074975,-0.08724945753828822,0.0,100,0.0,0.0,0.0,4.62612587928772
2625,-40.258559672392416,0.2,-0.19224779245163173,-0.11165179079771041,-0.09868601347458197,0.0,100,0.0,0.0,0.0,4.62612587928772
2625,-42.16006563131029,0.2,-0.184975849590037,-0.14413480043411256,-0.09249000628895329,0.0,100,0.0,0.0,0.0,4.62612587928772
2650,-46.261539960277744,0.2,-0.221988570107263,-0.1540390253067017,-0.08658780418881312,0.0,100,0.0,0.0,0.0,4.62612587928772
2650,-48.52724500510985,0.2,-0.27684356272056254,-0.1298356559872627,-0.07859323134327302,0.0,100,0.0,0.0,0.0,4.62612587928772
2650,-50.985389225087424,0.2,-0.2737728779079687,-0.14591611909866337,-0.09016489524424223,0.0,100,0.0,0.0,0.0,4.62612587928772
2650,-41.522163822323364,0.2,-0.18280489219237725,-0.131018138512969,-0.10139860751788714,0.0,100,0.0,0.0,0.0,4.62612587928772
2650,-45.10811939097783,0.2,-0.21427586502539012,-0.1460243287086487,-0.09078100017573981,0.0,100,0.0,0.0,0.0,4.62612587928772
2675,-52.03113056115724,0.2,-0.2772903143737383,-0.16242038384079938,-0.08060060739703477,0.0,100,0.0,0.0,0.0,4.62612587928772
2675,-45.90441052483015,0.2,-0.23455668377653793,-0.14401616525650024,-0.08047125621526362,0.0,100,0.0,0.0,0.0,4.62612587928772
2675,-51.04157548265973,0.2,-0.2786807362835986,-0.15068924269080164,-0.0810457758521972,0.0,100,0.0,0.0,0.0,4.62612587928772
2675,-50.349141025648166,0.2,-0.29017527745140137,-0.13533320987224579,-0.07798292293283444,0.0,100,0.0,0.0,0.0,4.62612587928772
2675,-50.58450300636886,0.2,-0.2605309842408753,-0.15417256388068198,-0.09114148194213126,0.0,100,0.0,0.0,0.0,4.62612587928772
2700,-43.83471474687977,0.2,-0.21394650254355405,-0.13057929682731634,-0.09382134809792725,0.0,100,0.0,0.0,0.0,4.62612587928772
2700,-49.947161014706836,0.2,-0.23514145224208252,-0.1807271479070187,-0.08360300999796726,0.0,100,0.0,0.0,0.0,4.62612587928772
2700,-46.41583806412378,0.2,-0.2277988038142683,-0.15097374850511552,-0.08538582832185394,0.0,100,0.0,0.0,0.0,4.62612587928772
2700,-46.731619480509934,0.2,-0.22174473492764687,-0.16104796382784844,-0.08452349604960398,0.0,100,0.0,0.0,0.0,4.62612587928772
2700,-41.97617193545786,0.2,-0.20289055017909988,-0.13009415385127068,-0.08677701532420787,0.0,100,0.0,0.0,0.0,4.62612587928772
2725,-49.16106046005391,0.2,-0.28679377685336943,-0.12631282839179042,-0.07850399935537956,0.0,100,0.0,0.0,0.0,4.62612587928772
2725,-53.644797643943704,0.2,-0.29540378236973636,-0.16072053456306462,-0.08032365950663606,0.0,100,0.0,0.0,0.0,4.62612587928772
2725,-50.50082619820411,0.2,-0.30478225604304404,-0.12065153832733631,-0.07957446761166063,0.0,100,0.0,0.0,0.0,4.62612587928772
2725,-45.979817515116245,0.2,-0.237889196762458,-0.13728813099861145,-0.08462084739009301,0.0,100,0.0,0.0,0.0,4.62612587928772
2725,-45.72818943158556,0.2,-0.1883659029256796,-0.17901136961579325,-0.08990462177438271,0.0,100,0.0,0.0,0.0,4.62612587928772
2750,-52.5173472161896,0.2,-0.30187938521813207,-0.14428251612186432,-0.07901157082189947,0.0,100,0.0,0.0,0.0,4.62612587928772
2750,-51.30453765461226,0.2,-0.2919828575088862,-0.14282562267780308,-0.07823689635943344,0.0,100,0.0,0.0,0.0,4.62612587928772
2750,-47.261099082728265,0.2,-0.2273789207847578,-0.15744792979955677,-0.08778414024296806,0.0,100,0.0,0.0,0.0,4.62612587928772
2750,-42.723486717440714,0.2,-0.20762292615004962,-0.13229297915101051,-0.0873189618733471,0.0,100,0.0,0.0,0.0,4.62612587928772
2750,-45.07978752763416,0.2,-0.21547410338081588,-0.14545887917280198,-0.08986489272272387,0.0,100,0.0,0.0,0.0,4.62612587928772
2775,-49.1402600205116,0.2,-0.3032881844147627,-0.10806498534977436,-0.08004943044057905,0.0,100,0.0,0.0,0.0,4.607554850578308
2775,-41.584244050218295,0.2,-0.2679875941214368,-0.09535856741666794,-0.052496278964078096,0.0,100,0.0,0.0,0.0,4.5908195543289185
2775,-44.92367373851726,0.2,-0.2945966632752261,-0.10370144760608674,-0.05093862650385955,0.0,100,0.0,0.0,0.0,4.590817966461182
2775,-35.490197735246475,0.2,-0.19560532756921298,-0.10597410109639167,-0.05332254868686011,0.0,100,0.0,0.0,0.0,4.590817966461182
2775,-42.88472977708797,0.2,-0.2756604363839492,-0.0987521856725216,-0.054434675714408784,0.0,100,0.0,0.0,0.0,4.590817966461182
2800,-44.47227078626233,0.2,-0.2659322403586747,-0.11548906081914902,-0.06330140668479939,0.0,100,0.0,0.0,0.0,4.590817966461182
2800,-54.15176755714671,0.2,-0.35969955643501855,-0.11584530061483381,-0.0659728185216148,0.0,100,0.0,0.0,0.0,4.590817966461182
2800,-46.73391504893229,0.2,-0.3022776941471588,-0.10783634202182293,-0.057225114320341344,0.0,100,0.0,0.0,0.0,4.590817966461182
2800,-48.41927789736835,0.2,-0.2983257460825755,-0.13350991556048394,-0.052357117330623995,0.0,100,0.0,0.0,0.0,4.590817966461182
2800,-38.07994715010127,0.2,-0.1967115405205949,-0.11121662266552448,-0.07287130831489348,0.0,100,0.0,0.0,0.0,4.590817966461182
2825,-38.348685722182445,0.2,-0.24352338642632163,-0.08532333670556547,-0.05464013408993746,0.0,100,0.0,0.0,0.0,4.590817966461182
2825,-39.89304979559044,0.2,-0.22452010189100224,-0.11131188106536866,-0.06309851499953352,0.0,100,0.0,0.0,0.0,4.590817966461182
2825,-45.80217179269468,0.2,-0.2910005321209245,-0.09554714745283127,-0.07147403835319116,0.0,100,0.0,0.0,0.0,4.590817966461182
2825,-45.0390979503442,0.2,-0.3054353970604248,-0.08415012434124947,-0.06080545810176749,0.0,100,0.0,0.0,0.0,4.590817966461182
2825,-48.31623910966469,0.2,-0.3143608073164153,-0.11760524487495426,-0.05119633890527742,0.0,100,0.0,0.0,0.0,4.590817966461182
2850,-37.3348528749843,0.2,-0.19500497638431283,-0.11151643806695938,-0.06682711429857059,0.0,100,0.0,0.0,0.0,4.590817966461182
2850,-35.43006877863396,0.2,-0.18386170332618576,-0.08889767450094223,-0.08154130995921145,0.0,100,0.0,0.0,0.0,4.590817966461182
2850,-39.91547309332149,0.2,-0.24359259760687701,-0.10668986627459526,-0.04887226705174268,0.0,100,0.0,0.0,0.0,4.590817966461182
2850,-43.90623305051874,0.2,-0.2805889788622022,-0.09428789637982847,-0.06418545526315664,0.0,100,0.0,0.0,0.0,4.590817966461182
2850,-41.24944703274234,0.2,-0.1963768722135026,-0.11947132715582852,-0.09664627095809246,0.0,100,0.0,0.0,0.0,4.590817966461182
2875,-47.197316340411156,0.2,-0.28909557304845285,-0.12074625191092492,-0.06213133844473387,0.0,100,0.0,0.0,0.0,4.590817966461182
2875,-33.57987327241144,0.2,-0.1904736197513431,-0.07567873024940491,-0.0696463827233665,0.0,100,0.0,0.0,0.0,4.590817966461182
2875,-39.995605383474754,0.2,-0.24754690317029127,-0.08386440122127534,-0.068544749443181,0.0,100,0.0,0.0,0.0,4.590817966461182
2875,-37.71067138098386,0.2,-0.20399182389528686,-0.09522621500492097,-0.07788867490963067,0.0,100,0.0,0.0,0.0,4.590817966461182
2875,-43.97212193154812,0.2,-0.2712264872856523,-0.12108035409450531,-0.0474143779353237,0.0,100,0.0,0.0,0.0,4.590817966461182
2900,-37.628164991131264,0.2,-0.18216956820667154,-0.11094213008880616,-0.08316995161583479,0.0,100,0.0,0.0,0.0,4.590817966461182
2900,-41.26232394584217,0.2,-0.236525701963345,-0.11496044573187829,-0.06113709176319841,0.0,100,0.0,0.0,0.0,4.590817966461182
2900,-36.57749187736354,0.2,-0.18178530901986975,-0.10679443699121474,-0.07719517276255096,0.0,100,0.0,0.0,0.0,4.590817966461182
2900,-42.24258029873553,0.2,-0.24006511924276153,-0.11417455503344537,-0.06818612871114832,0.0,100,0.0,0.0,0.0,4.590817966461182
2900,-38.82144109544837,0.2,-0.17980728465401236,-0.11925691246986393,-0.08915021383060746,0.0,100,0.0,0.0,0.0,4.590817966461182
2925,-46.95216346875686,0.2,-0.30047546090871136,-0.10782202922552822,-0.06122414455332913,0.0,100,0.0,0.0,0.0,4.590817966461182
2925,-43.76184583087669,0.2,-0.28656491474874896,-0.09648787477612497,-0.05456566878389313,0.0,100,0.0,0.0,0.0,4.590817966461182
2925,-34.31725417944112,0.2,-0.18336073801502362,-0.09144758866727354,-0.06836421511211403,0.0,100,0.0,0.0,0.0,4.590817966461182
2925,-36.33489640140799,0.2,-0.19379480646391758,-0.1216091618165374,-0.04794499573362481,0.0,100,0.0,0.0,0.0,4.590817966461182
2925,-47.2176913995388,0.2,-0.30647758687372556,-0.1021203278899193,-0.06357899923174316,0.0,100,0.0,0.0,0.0,4.590817966461182
2950,-37.460934605435824,0.2,-0.19837552130820893,-0.10573143550753594,-0.07050238923861327,0.0,100,0.0,0.0,0.0,4.590817966461182
2950,-38.27738433387205,0.2,-0.2196166546803667,-0.08048483507335186,-0.08267235358500186,0.0,100,0.0,0.0,0.0,4.590817966461182
2950,-47.85313926329678,0.2,-0.31765263236368246,-0.106036931425333,-0.05484182884395228,0.0,100,0.0,0.0,0.0,4.590817966461182
2950,-34.118481779827974,0.2,-0.1774351671556972,-0.10296953076124192,-0.06078011988134069,0.0,100,0.0,0.0,0.0,4.590817966461182
2950,-42.07956402530262,0.2,-0.25065661653087,-0.10799029847979545,-0.06214872524236079,0.0,100,0.0,0.0,0.0,4.590817966461182
2975,-50.97907414891794,0.2,-0.327129444006503,-0.10949331423640254,-0.07316798324627385,0.0,100,0.0,0.0,0.0,4.590817966461182
2975,-42.71914818896059,0.2,-0.24715023691530777,-0.11015112608671189,-0.06989011888758608,0.0,100,0.0,0.0,0.0,4.590817966461182
2975,-31.96542068707709,0.2,-0.17706880786109605,-0.07423348601162434,-0.06835191299805063,0.0,100,0.0,0.0,0.0,4.590817966461182
2975,-41.15838948916017,0.2,-0.2628480692926101,-0.0947112775295973,-0.05402454806939425,0.0,100,0.0,0.0,0.0,4.590817966461182
2975,-34.68428878284687,0.2,-0.17689972529615386,-0.10451611888408661,-0.06542704364822828,0.0,100,0.0,0.0,0.0,4.590817966461182
3000,-39.34193620664047,0.2,-0.22979353537745767,-0.09461707547307015,-0.06900875121587709,0.0,100,0.0,0.0,0.0,4.590817966461182
3000,-35.90577742546621,0.2,-0.19141860544437353,-0.0869655850827694,-0.08067358372751902,0.0,100,0.0,0.0,0.0,4.590817966461182
3000,-42.93176693148689,0.2,-0.2830454417493252,-0.07894313576817513,-0.06732909179736858,0.0,100,0.0,0.0,0.0,4.590817966461182
3000,-47.465530324860545,0.2,-0.2942018441654924,-0.11306509432196617,-0.06738836476114683,0.0,100,0.0,0.0,0.0,4.590817966461182
3000,-45.34375122838754,0.2,-0.28030174133379593,-0.09529253426194191,-0.07784323668813753,0.0,100,0.0,0.0,0.0,4.590817966461182
3025,-37.401481559999546,0.2,-0.20268657449582508,-0.09229625795781615,-0.07903198314635422,0.0,100,0.0,0.0,0.0,4.590817966461182
3025,-38.00617728553401,0.2,-0.2025770791710006,-0.09982723909616471,-0.07765745458817476,0.0,100,0.0,0.0,0.0,4.590817966461182
3025,-35.831771456461674,0.2,-0.1983424365515818,-0.07852192825078967,-0.08145334976224528,0.0,100,0.0,0.0,0.0,4.590817966461182
3025,-38.37467648357912,0.2,-0.20479208318985698,-0.10621342016756535,-0.07274126147836874,0.0,100,0.0,0.0,0.0,4.590817966461182
3025,-45.54502711553511,0.2,-0.3046259391677885,-0.09588065919280052,-0.05494367279476223,0.0,100,0.0,0.0,0.0,4.590817966461182
3050,-41.76733373365048,0.2,-0.22734307650895202,-0.10833383148908612,-0.08199642933846665,0.0,100,0.0,0.0,0.0,4.590817966461182
3050,-38.22941412481273,0.2,-0.2035353382143576,-0.10309735423326492,-0.07566144880050482,0.0,100,0.0,0.0,0.0,4.590817966461182
3050,-34.63163589816346,0.2,-0.18540351540936495,-0.08181905236840248,-0.07909379120386721,0.0,100,0.0,0.0,0.0,4.590817966461182
3050,-44.706356326705425,0.2,-0.31587970805349935,-0.08395990046858787,-0.0472239547449667,0.0,100,0.0,0.0,0.0,4.590817966461182
3050,-41.123402796809096,0.2,-0.2371545638950354,-0.11539464733004572,-0.05868481674300995,0.0,100,0.0,0.0,0.0,4.590817966461182
3075,-47.558980537390575,0.2,-0.2824778700431025,-0.11984664481878282,-0.07326529051202064,0.0,100,0.0,0.0,0.0,4.590817966461182
3075,-47.34323550209956,0.2,-0.30787644052219715,-0.10589763276278971,-0.05965828173600882,0.0,100,0.0,0.0,0.0,4.590817966461182
3075,-40.131788643097096,0.2,-0.23276328929249604,-0.10448590549826622,-0.06406869164020866,0.0,100,0.0,0.0,0.0,4.590817966461182
3075,-35.70476218617744,0.2,-0.19041581358934365,-0.10445483949780465,-0.06217696877462617,0.0,100,0.0,0.0,0.0,4.590817966461182
3075,-40.66798335485142,0.2,-0.24132566056674917,-0.10536154624819759,-0.05999262673356759,0.0,100,0.0,0.0,0.0,4.590817966461182
3100,-37.343124815208995,0.2,-0.20482182264779708,-0.10326638078689575,-0.06534304471739721,0.0,100,0.0,0.0,0.0,4.590817966461182
3100,-41.01579125094531,0.2,-0.25961231895120646,-0.0959115518629551,-0.05463404169529158,0.0,100,0.0,0.0,0.0,4.590817966461182
3100,-51.984732771237155,0.2,-0.34334439581743476,-0.1013308179229498,-0.07517211397198695,0.0,100,0.0,0.0,0.0,4.590817966461182
3100,-46.99220215557974,0.2,-0.28621291442422686,-0.10663409036397936,-0.07707501676759124,0.0,100,0.0,0.0,0.0,4.590817966461182
3100,-42.59035069772912,0.2,-0.25622472133994567,-0.10732287567853926,-0.062355909958806174,0.0,100,0.0,0.0,0.0,4.590817966461182
3125,-40.1867307631144,0.2,-0.26081408134071665,-0.08522107316553593,-0.055832153124891294,0.0,100,0.0,0.0,0.0,4.590817966461182
3125,-39.07320656185639,0.2,-0.24123575298352207,-0.08955971297621726,-0.059936599658824606,0.0,100,0.0,0.0,0.0,4.590817966461182
3125,-41.96587197088975,0.2,-0.2726572970114311,-0.0945585227161646,-0.052442899981301944,0.0,100,0.0,0.0,0.0,4.590817966461182
3125,-37.6323236824239,0.2,-0.2063582245548784,-0.10643221500515938,-0.06353279726420144,0.0,100,0.0,0.0,0.0,4.590817966461182
3125,-43.64206046374664,0.2,-0.28898732646091563,-0.08713579198718069,-0.06029748618937001,0.0,100,0.0,0.0,0.0,4.590817966461182
3150,-37.13934285080963,0.2,-0.1879140672468261,-0.09694250032305718,-0.08653686093821293,0.0,100,0.0,0.0,0.0,4.590817966461182
3150,-35.16046812581436,0.2,-0.17861911859272542,-0.09047437810897828,-0.08251118455644002,0.0,100,0.0,0.0,0.0,4.590817966461182
3150,-38.74478083917161,0.2,-0.20240128910519034,-0.09797825866937636,-0.08706826061714952,0.0,100,0.0,0.0,0.0,4.590817966461182
3150,-46.69825942673487,0.2,-0.29209629127973874,-0.10909657287597657,-0.06578973011163358,0.0,100,0.0,0.0,0.0,4.590817966461182
3150,-38.50909939345392,0.2,-0.20218219091268153,-0.10440167325735093,-0.07850712976450654,0.0,100,0.0,0.0,0.0,4.590817966461182
3175,-42.65247554588934,0.2,-0.2572709427118684,-0.10711579337716104,-0.06213801936986397,0.0,100,0.0,0.0,0.0,4.590817966461182
3175,-44.45204173382036,0.2,-0.2847335689974373,-0.08653895319998262,-0.07324789514078356,0.0,100,0.0,0.0,0.0,4.590817966461182
3175,-47.96638112528405,0.2,-0.32076399310211434,-0.09677017921209335,-0.06212963893863264,0.0,100,0.0,0.0,0.0,4.590817966461182
3175,-46.49353190777252,0.2,-0.30156166279581514,-0.09569927614927293,-0.06767438013263707,0.0,100,0.0,0.0,0.0,4.590817966461182
3175,-51.23949515514362,0.2,-0.3335469167576885,-0.11294766268134118,-0.06590037211240672,0.0,100,0.0,0.0,0.0,4.590817966461182
3200,-41.69990760626072,0.2,-0.22590561022326852,-0.1162902776002884,-0.07480318823905044,0.0,100,0.0,0.0,0.0,4.590817966461182
3200,-44.81646724463628,0.2,-0.2855056618703432,-0.09451678243279459,-0.06814222814322485,0.0,100,0.0,0.0,0.0,4.590817966461182
3200,-42.63066083421874,0.2,-0.2814972080093992,-0.09073650635778904,-0.05407289397499912,0.0,100,0.0,0.0,0.0,4.590817966461182
3200,-39.96858697984535,0.2,-0.2080123841152739,-0.10814541193842887,-0.08352807374475109,0.0,100,0.0,0.0,0.0,4.590817966461182
3200,-42.46741028214937,0.2,-0.2577654023534351,-0.11312760850787161,-0.053781091960187044,0.0,100,0.0,0.0,0.0,4.590817966461182
3225,-42.56479427820975,0.2,-0.25629289428007107,-0.09081083706021309,-0.07854421144181323,0.0,100,0.0,0.0,0.0,4.590817966461182
3225,-36.17573038732651,0.2,-0.17878202865333814,-0.10520962174236775,-0.077765653477559,0.0,100,0.0,0.0,0.0,4.590817966461182
3225,-35.83530135506128,0.2,-0.1796268636336145,-0.10036787036061287,-0.07835827955638548,0.0,100,0.0,0.0,0.0,4.590817966461182
3225,-36.16456126425704,0.2,-0.2106960812590258,-0.10009868781268598,-0.05085084357085847,0.0,100,0.0,0.0,0.0,4.590817966461182
3225,-42.00200767279733,0.2,-0.22422840265237118,-0.129782974421978,-0.0660086996536242,0.0,100,0.0,0.0,0.0,4.590817966461182
3250,-47.51100301909841,0.2,-0.3040283188995665,-0.11197881369292735,-0.05910289759849026,0.0,100,0.0,0.0,0.0,4.590817966461182
3250,-39.22060580324748,0.2,-0.22237819209396037,-0.0851932308077812,-0.08463463513073341,0.0,100,0.0,0.0,0.0,4.590817966461182
3250,-42.95365394317778,0.2,-0.2614486092921635,-0.09938237032294273,-0.06870555981667147,0.0,100,0.0,0.0,0.0,4.590817966461182
3250,-40.82791541253257,0.2,-0.2481938970690668,-0.09719767525792122,-0.06288758179833791,0.0,100,0.0,0.0,0.0,4.590817966461182
3250,-51.27016630343509,0.2,-0.3439698164398133,-0.08927675203979016,-0.07945509455474747,0.0,100,0.0,0.0,0.0,4.590817966461182
3275,-49.86852787648398,0.2,-0.3333205705007955,-0.09367899109423161,-0.07168571716981241,0.0,100,0.0,0.0,0.0,4.590817966461182
3275,-40.512668179340984,0.2,-0.19191638076905196,-0.11164578410983086,-0.10156451691452695,0.0,100,0.0,0.0,0.0,4.590817966461182
3275,-38.79954620948924,0.2,-0.2197052252762816,-0.09259543532133102,-0.07569480149727975,0.0,100,0.0,0.0,0.0,4.590817966461182
3275,-48.13204677564196,0.2,-0.33170104998875866,-0.08737866353988649,-0.06224075422777441,0.0,100,0.0,0.0,0.0,4.590817966461182
3275,-39.25951491541661,0.2,-0.19228528709540094,-0.11842366713285449,-0.08188619492591075,0.0,100,0.0,0.0,0.0,4.590817966461182
3300,-41.244912968899875,0.2,-0.24091831530416713,-0.09455399319529537,-0.07697682118953639,0.0,100,0.0,0.0,0.0,4.590817966461182
3300,-34.13491188180641,0.2,-0.19913719968003696,-0.07400602786988021,-0.06820589126814697,0.0,100,0.0,0.0,0.0,4.590817966461182
3300,-44.43968327662774,0.2,-0.2667492630403152,-0.0971819770038128,-0.08046559272214937,0.0,100,0.0,0.0,0.0,4.590817966461182
3300,-36.56525194605793,0.2,-0.21024358834361961,-0.10461198489367962,-0.05079694622328001,0.0,100,0.0,0.0,0.0,4.590817966461182
3300,-35.40219789918014,0.2,-0.1960157175351987,-0.09383723101019857,-0.06416903044640435,0.0,100,0.0,0.0,0.0,4.590817966461182
3325,-35.56966155069666,0.2,-0.1781093902660467,-0.0977671256363392,-0.07982009960458072,0.0,100,0.0,0.0,0.0,4.590817966461182
3325,-45.71546461783814,0.2,-0.27693737167584626,-0.12192978116869928,-0.05828749333383591,0.0,100,0.0,0.0,0.0,4.590817966461182
3325,-42.96486161121406,0.2,-0.2453353542618446,-0.1219936427474022,-0.062319619102893596,0.0,100,0.0,0.0,0.0,4.590817966461182
3325,-44.79299926693259,0.2,-0.2746063850285627,-0.1086724638044834,-0.06465114383627986,0.0,100,0.0,0.0,0.0,4.590817966461182
3325,-39.79054525977299,0.2,-0.20102761627035862,-0.13353584361076354,-0.06334199271660783,0.0,100,0.0,0.0,0.0,4.590817966461182
3350,-43.990716988387426,0.2,-0.2867713230400993,-0.08532735042273998,-0.06780849642103524,0.0,100,0.0,0.0,0.0,4.590817966461182
3350,-44.25489315237034,0.2,-0.2852032103682215,-0.10229902043938638,-0.05504670071609562,0.0,100,0.0,0.0,0.0,4.590817966461182
3350,-36.69367113854994,0.2,-0.2014965904933679,-0.09407978352904318,-0.07136033736308818,0.0,100,0.0,0.0,0.0,4.590817966461182
3350,-38.92379944868614,0.2,-0.229020442925262,-0.08437325547635556,-0.07584429608524361,0.0,100,0.0,0.0,0.0,4.590817966461182
3350,-41.98204728592455,0.2,-0.25568828959066264,-0.09870633288472891,-0.06542585038385416,0.0,100,0.0,0.0,0.0,4.590817966461182
3375,-38.65312291755744,0.2,-0.2114637442186347,-0.10189274133741856,-0.07317474361952127,0.0,100,0.0,0.0,0.0,4.590817966461182
3375,-50.35011410944981,0.2,-0.31555218038277305,-0.11309285879135135,-0.07485610192037376,0.0,100,0.0,0.0,0.0,4.590817966461182
3375,-50.8119975871209,0.2,-0.3272946507793484,-0.12124787356704475,-0.05957745152481585,0.0,100,0.0,0.0,0.0,4.590817966461182
3375,-43.85384568368016,0.2,-0.26681923407688446,-0.11650206163525584,-0.05521716112466124,0.0,100,0.0,0.0,0.0,4.590817966461182
3375,-39.25416614006336,0.2,-0.2258638731691056,-0.08661729678511622,-0.08006049144641196,0.0,100,0.0,0.0,0.0,4.590817966461182
3400,-39.77226558317618,0.2,-0.21784018956545081,-0.10195599570870398,-0.0779264705576068,0.0,100,0.0,0.0,0.0,4.590817966461182
3400,-50.34406190898655,0.2,-0.35320096307750376,-0.08107641837000847,-0.0691632376423532,0.0,100,0.0,0.0,0.0,4.590817966461182
3400,-34.96040171792325,0.2,-0.21258460613405777,-0.08383421984314922,-0.05318519120202553,0.0,100,0.0,0.0,0.0,4.590817966461182
3400,-36.78489722106202,0.2,-0.23308790420840833,-0.0789628165960312,-0.05579825140618056,0.0,100,0.0,0.0,0.0,4.590817966461182
3400,-43.90018822449328,0.2,-0.3010573052776822,-0.08731521508097652,-0.0506293618862738,0.0,100,0.0,0.0,0.0,4.590817966461182
3425,-46.41753673842787,0.2,-0.287765480639282,-0.10014010369777679,-0.07626978304722021,0.0,100,0.0,0.0,0.0,4.590817966461182
3425,-49.1148686339967,0.2,-0.31967494904334615,-0.10559331259131431,-0.06588042470530656,0.0,100,0.0,0.0,0.0,4.590817966461182
3425,-37.58269212658931,0.2,-0.2056676594177343,-0.10021324720978737,-0.06994601463837151,0.0,100,0.0,0.0,0.0,4.590817966461182
3425,-39.22734464020834,0.2,-0.201630331599263,-0.1213370018899441,-0.06930611291287624,0.0,100,0.0,0.0,0.0,4.590817966461182
3425,-42.354932590633986,0.2,-0.2265866405552583,-0.10395291465520858,-0.09300977069587305,0.0,100,0.0,0.0,0.0,4.590817966461182
3450,-38.70691889500371,0.2,-0.22928291144356588,-0.09165251302719116,-0.06613376447928021,0.0,100,0.0,0.0,0.0,4.590817966461182
3450,-45.296898287809334,0.2,-0.2614263277921615,-0.11775950901210308,-0.07378314607382848,0.0,100,0.0,0.0,0.0,4.590817966461182
3450,-48.65890508348893,0.2,-0.3220090212354632,-0.09883591893315315,-0.06574411066627288,0.0,100,0.0,0.0,0.0,4.590817966461182
3450,-43.57924196803234,0.2,-0.22387889779861866,-0.13170794087648394,-0.08020558100522111,0.0,100,0.0,0.0,0.0,4.590817966461182
3450,-45.61193533806562,0.2,-0.27180247012710035,-0.1210349662899971,-0.06328191696355892,0.0,100,0.0,0.0,0.0,4.590817966461182
3475,-48.17617111545805,0.2,-0.2971044341241802,-0.12311015570163727,-0.06154712132876261,0.0,100,0.0,0.0,0.0,4.590817966461182
3475,-43.08412118988903,0.2,-0.2909525974767782,-0.08880046418309213,-0.051088150239019955,0.0,100,0.0,0.0,0.0,4.590817966461182
3475,-36.32142192991642,0.2,-0.18485565626259093,-0.10617879375815392,-0.07217976927841933,0.0,100,0.0,0.0,0.0,4.590817966461182
3475,-40.135076277129855,0.2,-0.21035775682990504,-0.11452224504947661,-0.0764707608919168,0.0,100,0.0,0.0,0.0,4.590817966461182
3475,-38.5307792743154,0.2,-0.23266636679629088,-0.0811452715396881,-0.071496154407175,0.0,100,0.0,0.0,0.0,4.590817966461182
3500,-37.13797794011975,0.2,-0.21258555794933767,-0.08361981023848056,-0.0751744112133795,0.0,100,0.0,0.0,0.0,4.590817966461182
3500,-45.904543798526575,0.2,-0.3351901799497521,-0.07693841630220415,-0.046916841733309685,0.0,100,0.0,0.0,0.0,4.590817966461182
3500,-50.933397521927304,0.2,-0.330088720943571,-0.11492804628610612,-0.06431720798959578,0.0,100,0.0,0.0,0.0,4.590817966461182
3500,-39.689428815019056,0.2,-0.20363101206022446,-0.11828687493503094,-0.07497640115493506,0.0,100,0.0,0.0,0.0,4.590817966461182
3500,-42.687627397754724,0.2,-0.25771223195893317,-0.10675367227196693,-0.06241036974664713,0.0,100,0.0,0.0,0.0,4.590817966461182
3525,-44.28708624851315,0.2,-0.29219921291406564,-0.09911283919215202,-0.051558810378913675,0.0,100,0.0,0.0,0.0,4.590817966461182
3525,-41.79657446002321,0.2,-0.21305018249833885,-0.11550700616836548,-0.08940855593352767,0.0,100,0.0,0.0,0.0,4.590817966461182
3525,-34.023325871502976,0.2,-0.19077499564009462,-0.08727897489070893,-0.062179288184226376,0.0,100,0.0,0.0,0.0,4.590817966461182
3525,-38.36325500815541,0.2,-0.21565736524612042,-0.11173666968941688,-0.056238515146016806,0.0,100,0.0,0.0,0.0,4.590817966461182
3525,-44.3379545989193,0.2,-0.2570259444757438,-0.10783322663605216,-0.07852037487739708,0.0,100,0.0,0.0,0.0,4.590817966461182
3550,-42.655886692585156,0.2,-0.2454242818995283,-0.10732149832695724,-0.07381308669936601,0.0,100,0.0,0.0,0.0,4.590817966461182
3550,-46.077325470366766,0.2,-0.2730903130025196,-0.10488674804568293,-0.08279619365546542,0.0,100,0.0,0.0,0.0,4.590817966461182
3550,-41.582048070199065,0.2,-0.23924850218123925,-0.10657711413502696,-0.06999486438572461,0.0,100,0.0,0.0,0.0,4.590817966461182
3550,-45.9470270753053,0.2,-0.29407571202645943,-0.11678314170241359,-0.04861141702417981,0.0,100,0.0,0.0,0.0,4.590817966461182
3550,-35.65776519983233,0.2,-0.19165116217376263,-0.10484290474653245,-0.060083585078028266,0.0,100,0.0,0.0,0.0,4.590817966461182
3575,-50.76515344072308,0.2,-0.34506619966753577,-0.10048972150683406,-0.062095613232860905,0.0,100,0.0,0.0,0.0,4.590817966461182
3575,-49.17273573728175,0.2,-0.3482891133786795,-0.0847236456423998,-0.058714598351737986,0.0,100,0.0,0.0,0.0,4.590817966461182
3575,-34.91397969775281,0.2,-0.19380522478013607,-0.0893965936601162,-0.06593797853727579,0.0,100,0.0,0.0,0.0,4.590817966461182
3575,-39.75748915335442,0.2,-0.2317767258395581,-0.10191405667364599,-0.06388410902034014,0.0,100,0.0,0.0,0.0,4.590817966461182
3575,-48.588549816537345,0.2,-0.28127195319686293,-0.1303542166054249,-0.07425932836308567,0.0,100,0.0,0.0,0.0,4.590817966461182
3600,-43.118766879507795,0.2,-0.27507689432417404,-0.09627016192674635,-0.05984061254415738,0.0,100,0.0,0.0,0.0,4.590817966461182
3600,-46.43404678779144,0.2,-0.27422396286530243,-0.13386852268874647,-0.05624798232386568,0.0,100,0.0,0.0,0.0,4.590817966461182
3600,-36.185193679215836,0.2,-0.19173496426862616,-0.0871697257757187,-0.08294724674781334,0.0,100,0.0,0.0,0.0,4.590817966461182
3600,-41.19509534494949,0.2,-0.21313696816955907,-0.13527249902486804,-0.06354148625506778,0.0,100,0.0,0.0,0.0,4.590817966461182
3600,-40.09487843278226,0.2,-0.1809154314668023,-0.1391597967743874,-0.08087355608663302,0.0,100,0.0,0.0,0.0,4.590817966461182
3625,-36.762170531997455,0.2,-0.19360644882766206,-0.10480406686663629,-0.06921118962567625,0.0,100,0.0,0.0,0.0,4.590817966461182
3625,-45.60039072870814,0.2,-0.25704139618429706,-0.11944583350419996,-0.07951667759858429,0.0,100,0.0,0.0,0.0,4.590817966461182
3625,-36.13967139862292,0.2,-0.18841836125491507,-0.09992721650004385,-0.07305113623127042,0.0,100,0.0,0.0,0.0,4.590817966461182
3625,-41.91919634705821,0.2,-0.2560481220260482,-0.11100696808099747,-0.05213687336353626,0.0,100,0.0,0.0,0.0,4.590817966461182
3625,-38.38610751883478,0.2,-0.20716155762730804,-0.09910997383296491,-0.07758954372807506,0.0,100,0.0,0.0,0.0,4.590817966461182
3650,-44.4886859870216,0.2,-0.2918350205452488,-0.0881794584393501,-0.06487238088561702,0.0,100,0.0,0.0,0.0,4.590817966461182
3650,-45.60364653201451,0.2,-0.29083880962328246,-0.09228415101766588,-0.07291350467919668,0.0,100,0.0,0.0,0.0,4.590817966461182
3650,-44.95101950912715,0.2,-0.30699243288687744,-0.0899924545586109,-0.05252530764578303,0.0,100,0.0,0.0,0.0,4.590817966461182
3650,-47.96164258655654,0.2,-0.31023182863246196,-0.10851746848225594,-0.060867128750847724,0.0,100,0.0,0.0,0.0,4.590817966461182
3650,-35.271625045976386,0.2,-0.18651499947040862,-0.09375872266292573,-0.07244252832642943,0.0,100,0.0,0.0,0.0,4.590817966461182
3675,-35.17145305035734,0.2,-0.19461278200392687,-0.08848179653286933,-0.06861995196677699,0.0,100,0.0,0.0,0.0,4.590817966461182
3675,-39.755287039357405,0.2,-0.2343476935991015,-0.10294024276733398,-0.060264934027138485,0.0,100,0.0,0.0,0.0,4.590817966461182
3675,-41.675848726068,0.2,-0.23854446556400385,-0.09301502658426765,-0.08519899511240854,0.0,100,0.0,0.0,0.0,4.590817966461182
3675,-43.6085360236229,0.2,-0.2561256469016494,-0.11665580922365189,-0.06330390411092748,0.0,100,0.0,0.0,0.0,4.590817966461182
3675,-48.296525098343665,0.2,-0.29481787860925346,-0.11064071150124073,-0.07750666087294253,0.0,100,0.0,0.0,0.0,4.590817966461182
3700,-33.805852997885594,0.2,-0.183880995386289,-0.09577702251076699,-0.05840051208179988,0.0,100,0.0,0.0,0.0,4.590817966461182
3700,-50.8780737441857,0.2,-0.3575644954527942,-0.08307265897095202,-0.06814358301811085,0.0,100,0.0,0.0,0.0,4.590817966461182
3700,-37.90825788529912,0.2,-0.19116628048382345,-0.1271363119184971,-0.060779986450670655,0.0,100,0.0,0.0,0.0,4.590817966461182
3700,-43.542075153392155,0.2,-0.26088182051959563,-0.098944347307086,-0.07559458370723998,0.0,100,0.0,0.0,0.0,4.590817966461182
3700,-37.8526131919016,0.2,-0.18005442975132163,-0.11633082884550096,-0.08214087332219354,0.0,100,0.0,0.0,0.0,4.590817966461182
3725,-38.90411637726917,0.2,-0.23271727356840363,-0.0933514369726181,-0.06297245323166986,0.0,100,0.0,0.0,0.0,4.590817966461182
3725,-37.571750988336866,0.2,-0.23619328213588442,-0.08159193947911261,-0.05793228826837164,0.0,100,0.0,0.0,0.0,4.590817966461182
3725,-43.8478142122247,0.2,-0.27741464427034535,-0.09826561246812344,-0.0627978853837783,0.0,100,0.0,0.0,0.0,4.590817966461182
3725,-46.86150545079948,0.2,-0.2964228139432656,-0.10371292398869991,-0.06847931657602943,0.0,100,0.0,0.0,0.0,4.590817966461182
3725,-48.305748737238964,0.2,-0.3158610974097451,-0.0993172850906849,-0.0678791048719597,0.0,100,0.0,0.0,0.0,4.590817966461182
3750,-44.52671679324819,0.2,-0.2736844484176137,-0.10621737617254258,-0.06536534334232573,0.0,100,0.0,0.0,0.0,4.590817966461182
3750,-39.23417530712026,0.2,-0.23810427439086201,-0.07508272619545461,-0.07915475248488604,0.0,100,0.0,0.0,0.0,4.590817966461182
3750,-37.055495382214694,0.2,-0.19732373450355734,-0.09565304145216942,-0.07757817786642017,0.0,100,0.0,0.0,0.0,4.590817966461182
3750,-39.264792874121525,0.2,-0.18152200858968953,-0.12912163081765177,-0.08200428933387395,0.0,100,0.0,0.0,0.0,4.590817966461182
3750,-40.486425378837566,0.2,-0.20421884989445924,-0.1042617405354977,-0.09638366335841864,0.0,100,0.0,0.0,0.0,4.590817966461182
